customer_id,first_name,last_name,city,segment,signup_date,age,email
C0001,Luca,Garcia,Córdoba,Regular,2023-08-24,34,luca.garcia@email.com
C0002,Sofia,Gonzalez,Salta,Occasional,2023-02-09,26,sofia.gonzalez@email.com
C0003,Gabriela,Sanchez,Córdoba,Occasional,2023-06-10,50,gabriela.sanchez@email.com
C0004,Andres,Perez,Rosario,Regular,2023-10-22,37,andres.perez@email.com
C0005,Andres,Lopez,Salta,Premium,2023-08-08,30,andres.lopez@email.com
C0006,Isabella,Ramirez,La Plata,Premium,2023-10-21,45,isabella.ramirez@email.com
C0007,Luca,Perez,Santa Fe,Premium,2023-07-27,46,luca.perez@email.com
C0008,Valentina,Perez,La Plata,Occasional,2023-12-30,30,valentina.perez@email.com
C0009,Jorge,Diaz,Tucumán,Regular,2023-11-24,63,jorge.diaz@email.com
C0010,Mateo,Cruz,Salta,Occasional,2023-08-02,52,mateo.cruz@email.com
C0011,Sofia,Sanchez,Salta,Premium,2023-05-29,23,sofia.sanchez@email.com
C0012,Valentina,Gonzalez,Mendoza,Occasional,2023-02-28,35,valentina.gonzalez@email.com
C0013,Camila,Diaz,Salta,Occasional,2023-07-27,22,camila.diaz@email.com
C0014,Andres,Reyes,Santa Fe,Regular,2023-01-11,64,andres.reyes@email.com
C0015,Sofia,Sanchez,Rosario,Premium,2023-06-16,42,sofia.sanchez@email.com
C0016,Camila,Gonzalez,Tucumán,Premium,2023-03-29,19,camila.gonzalez@email.com
C0017,Jorge,Reyes,Mendoza,Regular,2023-11-13,27,jorge.reyes@email.com
C0018,Andres,Rodriguez,San Juan,Regular,2023-08-24,47,andres.rodriguez@email.com
C0019,Laura,Ramirez,Santa Fe,Regular,2023-12-20,62,laura.ramirez@email.com
C0020,Gabriela,Garcia,Rosario,Regular,2023-07-05,22,gabriela.garcia@email.com
C0021,Sofia,Gomez,Córdoba,Regular,2023-02-15,50,sofia.gomez@email.com
C0022,Diego,Torres,La Plata,Premium,2023-08-12,18,diego.torres@email.com
C0023,Jorge,Garcia,Tucumán,Regular,2023-02-24,35,jorge.garcia@email.com
C0024,Maria,Perez,Mar del Plata,Regular,2023-05-05,49,maria.perez@email.com
C0025,Gabriela,Lopez,Santa Fe,Regular,2023-08-12,64,gabriela.lopez@email.com
C0026,Isabella,Rivera,La Plata,Occasional,2023-10-29,28,isabella.rivera@email.com
C0027,Camila,Rodriguez,Buenos Aires,Premium,2023-07-25,38,camila.rodriguez@email.com
C0028,Maria,Diaz,La Plata,Regular,2023-09-26,43,maria.diaz@email.com
C0029,Luca,Rivera,La Plata,Regular,2023-02-10,42,luca.rivera@email.com
C0030,Valentina,Garcia,San Juan,Premium,2023-07-22,39,valentina.garcia@email.com
C0031,Ana,Diaz,San Juan,Regular,2023-06-08,44,ana.diaz@email.com
C0032,Luca,Garcia,Salta,Premium,2023-06-23,30,luca.garcia@email.com
C0033,Carlos,Lopez,Rosario,Premium,2023-04-24,50,carlos.lopez@email.com
C0034,Carlos,Lopez,Salta,Occasional,2023-06-20,51,carlos.lopez@email.com
C0035,Gabriela,Reyes,Santa Fe,Occasional,2023-03-28,58,gabriela.reyes@email.com
C0036,Mateo,Garcia,Salta,Occasional,2023-02-09,52,mateo.garcia@email.com
C0037,Laura,Flores,Mar del Plata,Regular,2023-09-19,18,laura.flores@email.com
C0038,Luca,Martinez,Mar del Plata,Premium,2023-11-21,38,luca.martinez@email.com
C0039,Ana,Lopez,Santa Fe,Regular,2023-02-28,23,ana.lopez@email.com
C0040,Valentina,Martinez,Santa Fe,Regular,2023-09-29,45,valentina.martinez@email.com
C0041,Sebastian,Ramirez,Tucumán,Premium,2023-09-19,34,sebastian.ramirez@email.com
C0042,Carlos,Rivera,Salta,Regular,2023-04-10,22,carlos.rivera@email.com
C0043,Camila,Rodriguez,Mar del Plata,Premium,2023-06-28,48,camila.rodriguez@email.com
C0044,Valentina,Flores,Mendoza,Occasional,2023-06-29,22,valentina.flores@email.com
C0045,Mateo,Lopez,Mendoza,Regular,2023-11-27,55,mateo.lopez@email.com
C0046,Andres,Ramirez,San Juan,Regular,2023-03-17,20,andres.ramirez@email.com
C0047,Sebastian,Gomez,Tucumán,Regular,2023-05-01,40,sebastian.gomez@email.com
C0048,Valentina,Gonzalez,Mendoza,Regular,2023-02-22,54,valentina.gonzalez@email.com
C0049,Andres,Diaz,Tucumán,Regular,2023-03-16,54,andres.diaz@email.com
C0050,Luca,Perez,Buenos Aires,Premium,2023-05-12,27,luca.perez@email.com
C0051,Ana,Martinez,Mar del Plata,Occasional,2023-04-12,27,ana.martinez@email.com
C0052,Gabriela,Flores,Salta,Occasional,2023-03-30,36,gabriela.flores@email.com
C0053,Laura,Flores,Tucumán,Occasional,2023-11-05,34,laura.flores@email.com
C0054,Carlos,Gomez,Tucumán,Occasional,2023-03-20,38,carlos.gomez@email.com
C0055,Diego,Gomez,Rosario,Regular,2023-12-02,31,diego.gomez@email.com
C0056,Carlos,Rodriguez,Salta,Occasional,2023-02-08,26,carlos.rodriguez@email.com
C0057,Carlos,Diaz,Buenos Aires,Premium,2023-04-01,63,carlos.diaz@email.com
C0058,Camila,Reyes,Rosario,Premium,2023-11-18,18,camila.reyes@email.com
C0059,Gabriela,Martinez,Santa Fe,Premium,2023-09-10,62,gabriela.martinez@email.com
C0060,Valentina,Gonzalez,San Juan,Regular,2023-08-26,30,valentina.gonzalez@email.com
C0061,Diego,Rodriguez,Mar del Plata,Regular,2023-10-16,21,diego.rodriguez@email.com
C0062,Andres,Flores,Córdoba,Regular,2023-10-24,18,andres.flores@email.com
C0063,Diego,Garcia,Salta,Occasional,2023-08-18,57,diego.garcia@email.com
C0064,Laura,Cruz,Córdoba,Regular,2023-12-15,49,laura.cruz@email.com
C0065,Ana,Gonzalez,Santa Fe,Regular,2023-10-17,51,ana.gonzalez@email.com
C0066,Gabriela,Flores,Salta,Regular,2023-11-26,45,gabriela.flores@email.com
C0067,Andres,Rivera,Buenos Aires,Premium,2023-11-22,48,andres.rivera@email.com
C0068,Maria,Cruz,Rosario,Occasional,2023-11-16,25,maria.cruz@email.com
C0069,Mateo,Sanchez,Tucumán,Premium,2023-06-15,56,mateo.sanchez@email.com
C0070,Andres,Sanchez,Rosario,Occasional,2023-11-18,43,andres.sanchez@email.com
C0071,Mateo,Gomez,Córdoba,Occasional,2023-06-11,51,mateo.gomez@email.com
C0072,Maria,Lopez,Salta,Premium,2023-03-19,20,maria.lopez@email.com
C0073,Ana,Rodriguez,La Plata,Premium,2023-08-14,29,ana.rodriguez@email.com
C0074,Gabriela,Flores,Mar del Plata,Occasional,2023-02-04,18,gabriela.flores@email.com
C0075,Valentina,Gomez,San Juan,Occasional,2023-08-29,61,valentina.gomez@email.com
C0076,Camila,Reyes,Tucumán,Occasional,2023-08-15,22,camila.reyes@email.com
C0077,Maria,Rivera,Córdoba,Occasional,2023-11-20,47,maria.rivera@email.com
C0078,Camila,Lopez,Mar del Plata,Premium,2023-06-05,47,camila.lopez@email.com
C0079,Pablo,Rodriguez,Santa Fe,Regular,2023-05-21,34,pablo.rodriguez@email.com
C0080,Ana,Gomez,Tucumán,Premium,2023-10-30,64,ana.gomez@email.com
C0081,Laura,Diaz,Mar del Plata,Occasional,2023-01-29,40,laura.diaz@email.com
C0082,Isabella,Gonzalez,Salta,Regular,2023-06-30,32,isabella.gonzalez@email.com
C0083,Gabriela,Reyes,Santa Fe,Regular,2023-09-17,54,gabriela.reyes@email.com
C0084,Isabella,Rivera,Buenos Aires,Premium,2023-02-07,38,isabella.rivera@email.com
C0085,Andres,Flores,San Juan,Regular,2023-06-08,31,andres.flores@email.com
C0086,Gabriela,Diaz,Córdoba,Regular,2023-08-25,19,gabriela.diaz@email.com
C0087,Jorge,Rodriguez,Mendoza,Occasional,2023-08-20,28,jorge.rodriguez@email.com
C0088,Ana,Diaz,La Plata,Regular,2023-01-20,56,ana.diaz@email.com
C0089,Carlos,Flores,Mendoza,Occasional,2023-01-30,55,carlos.flores@email.com
C0090,Andres,Diaz,Córdoba,Regular,2023-07-08,51,andres.diaz@email.com
C0091,Isabella,Garcia,Tucumán,Premium,2023-05-27,55,isabella.garcia@email.com
C0092,Pablo,Perez,Córdoba,Occasional,2023-02-09,51,pablo.perez@email.com
C0093,Valentina,Torres,Córdoba,Occasional,2023-11-27,35,valentina.torres@email.com
C0094,Mateo,Sanchez,Salta,Regular,2023-02-16,47,mateo.sanchez@email.com
C0095,Luca,Rivera,Rosario,Occasional,2023-11-11,32,luca.rivera@email.com
C0096,Isabella,Perez,La Plata,Regular,2023-11-01,44,isabella.perez@email.com
C0097,Diego,Rodriguez,Buenos Aires,Regular,2023-09-17,51,diego.rodriguez@email.com
C0098,Jorge,Torres,Buenos Aires,Regular,2023-07-16,55,jorge.torres@email.com
C0099,Valentina,Rivera,Mar del Plata,Premium,2023-08-25,50,valentina.rivera@email.com
C0100,Ana,Perez,Buenos Aires,Premium,2023-10-25,41,ana.perez@email.com
C0101,Ana,Garcia,La Plata,Premium,2023-10-11,32,ana.garcia@email.com
C0102,Laura,Reyes,Mar del Plata,Regular,2023-01-22,47,laura.reyes@email.com
C0103,Gabriela,Sanchez,Mar del Plata,Regular,2023-08-19,59,gabriela.sanchez@email.com
C0104,Sofia,Reyes,Tucumán,Regular,2023-10-20,34,sofia.reyes@email.com
C0105,Luca,Ramirez,Rosario,Occasional,2023-11-30,22,luca.ramirez@email.com
C0106,Gabriela,Rodriguez,Mendoza,Regular,2023-04-07,46,gabriela.rodriguez@email.com
C0107,Maria,Sanchez,Santa Fe,Regular,2023-06-14,21,maria.sanchez@email.com
C0108,Luca,Perez,Tucumán,Occasional,2023-11-06,27,luca.perez@email.com
C0109,Sebastian,Rivera,San Juan,Regular,2023-09-01,34,sebastian.rivera@email.com
C0110,Jorge,Cruz,Rosario,Premium,2023-09-14,27,jorge.cruz@email.com
C0111,Diego,Reyes,Rosario,Regular,2023-03-19,34,diego.reyes@email.com
C0112,Laura,Ramirez,Rosario,Premium,2023-02-01,37,laura.ramirez@email.com
C0113,Sofia,Gomez,Córdoba,Occasional,2023-08-19,41,sofia.gomez@email.com
C0114,Gabriela,Martinez,San Juan,Occasional,2023-02-22,22,gabriela.martinez@email.com
C0115,Diego,Sanchez,Tucumán,Regular,2023-06-25,51,diego.sanchez@email.com
C0116,Luca,Martinez,San Juan,Occasional,2024-01-01,23,luca.martinez@email.com
C0117,Sebastian,Gomez,Mendoza,Occasional,2023-02-13,19,sebastian.gomez@email.com
C0118,Camila,Torres,Salta,Premium,2023-09-16,30,camila.torres@email.com
C0119,Isabella,Rivera,San Juan,Occasional,2023-11-27,60,isabella.rivera@email.com
C0120,Carlos,Gonzalez,Rosario,Regular,2023-03-30,60,carlos.gonzalez@email.com
C0121,Diego,Flores,Mendoza,Occasional,2023-01-21,28,diego.flores@email.com
C0122,Sofia,Diaz,Salta,Occasional,2023-05-07,64,sofia.diaz@email.com
C0123,Maria,Cruz,La Plata,Regular,2023-12-29,40,maria.cruz@email.com
C0124,Pablo,Torres,Salta,Premium,2023-08-13,33,pablo.torres@email.com
C0125,Sofia,Diaz,La Plata,Regular,2023-08-13,48,sofia.diaz@email.com
C0126,Luca,Ramirez,Buenos Aires,Regular,2023-09-26,28,luca.ramirez@email.com
C0127,Carlos,Ramirez,Salta,Occasional,2023-09-25,33,carlos.ramirez@email.com
C0128,Sebastian,Sanchez,La Plata,Occasional,2023-11-09,25,sebastian.sanchez@email.com
C0129,Andres,Reyes,Santa Fe,Premium,2023-03-23,21,andres.reyes@email.com
C0130,Mateo,Gomez,Rosario,Regular,2023-07-06,57,mateo.gomez@email.com
C0131,Andres,Flores,Córdoba,Regular,2023-07-10,21,andres.flores@email.com
C0132,Valentina,Gonzalez,Salta,Regular,2023-05-25,42,valentina.gonzalez@email.com
C0133,Valentina,Perez,Mar del Plata,Premium,2023-07-18,20,valentina.perez@email.com
C0134,Pablo,Reyes,San Juan,Regular,2023-07-29,49,pablo.reyes@email.com
C0135,Valentina,Lopez,La Plata,Occasional,2023-06-23,20,valentina.lopez@email.com
C0136,Isabella,Reyes,Tucumán,Regular,2023-12-14,44,isabella.reyes@email.com
C0137,Isabella,Cruz,La Plata,Regular,2023-11-03,46,isabella.cruz@email.com
C0138,Pablo,Rodriguez,Salta,Occasional,2023-01-27,49,pablo.rodriguez@email.com
C0139,Diego,Gonzalez,La Plata,Regular,2023-11-20,36,diego.gonzalez@email.com
C0140,Gabriela,Cruz,Mendoza,Occasional,2023-11-28,38,gabriela.cruz@email.com
C0141,Jorge,Ramirez,Tucumán,Occasional,2023-06-21,22,jorge.ramirez@email.com
C0142,Camila,Lopez,Salta,Regular,2023-02-03,35,camila.lopez@email.com
C0143,Camila,Diaz,Córdoba,Regular,2023-06-18,45,camila.diaz@email.com
C0144,Sebastian,Ramirez,Mendoza,Regular,2023-02-18,59,sebastian.ramirez@email.com
C0145,Ana,Flores,Tucumán,Regular,2023-10-13,39,ana.flores@email.com
C0146,Carlos,Flores,San Juan,Premium,2023-12-14,38,carlos.flores@email.com
C0147,Laura,Rivera,Mar del Plata,Regular,2023-07-17,23,laura.rivera@email.com
C0148,Laura,Sanchez,San Juan,Regular,2023-05-26,18,laura.sanchez@email.com
C0149,Luca,Perez,La Plata,Premium,2023-05-10,22,luca.perez@email.com
C0150,Andres,Garcia,La Plata,Regular,2023-12-03,58,andres.garcia@email.com
C0151,Andres,Ramirez,Buenos Aires,Occasional,2023-11-05,29,andres.ramirez@email.com
C0152,Valentina,Reyes,Tucumán,Regular,2023-03-18,43,valentina.reyes@email.com
C0153,Maria,Perez,La Plata,Premium,2023-06-20,63,maria.perez@email.com
C0154,Sofia,Martinez,Buenos Aires,Regular,2023-02-11,51,sofia.martinez@email.com
C0155,Andres,Ramirez,San Juan,Occasional,2023-10-26,31,andres.ramirez@email.com
C0156,Andres,Lopez,Buenos Aires,Regular,2023-12-06,43,andres.lopez@email.com
C0157,Sofia,Perez,San Juan,Regular,2023-03-14,62,sofia.perez@email.com
C0158,Valentina,Diaz,Salta,Occasional,2023-06-29,44,valentina.diaz@email.com
C0159,Mateo,Gonzalez,La Plata,Regular,2023-06-08,26,mateo.gonzalez@email.com
C0160,Andres,Perez,Mendoza,Occasional,2023-12-02,43,andres.perez@email.com
C0161,Valentina,Gonzalez,San Juan,Regular,2023-12-24,64,valentina.gonzalez@email.com
C0162,Mateo,Cruz,Mar del Plata,Regular,2023-12-06,39,mateo.cruz@email.com
C0163,Maria,Flores,Mendoza,Regular,2023-07-20,64,maria.flores@email.com
C0164,Valentina,Gomez,Mendoza,Regular,2023-03-08,47,valentina.gomez@email.com
C0165,Andres,Cruz,San Juan,Premium,2023-11-01,60,andres.cruz@email.com
C0166,Gabriela,Gonzalez,La Plata,Occasional,2023-12-29,34,gabriela.gonzalez@email.com
C0167,Pablo,Torres,Rosario,Regular,2023-02-13,43,pablo.torres@email.com
C0168,Camila,Garcia,Córdoba,Premium,2023-06-08,53,camila.garcia@email.com
C0169,Isabella,Torres,Buenos Aires,Premium,2023-10-14,18,isabella.torres@email.com
C0170,Pablo,Lopez,La Plata,Regular,2023-07-12,25,pablo.lopez@email.com
C0171,Andres,Rodriguez,Salta,Regular,2023-11-26,52,andres.rodriguez@email.com
C0172,Pablo,Lopez,Buenos Aires,Premium,2023-06-18,32,pablo.lopez@email.com
C0173,Jorge,Gomez,San Juan,Regular,2023-03-07,64,jorge.gomez@email.com
C0174,Camila,Sanchez,Mar del Plata,Regular,2023-12-10,39,camila.sanchez@email.com
C0175,Luca,Ramirez,Rosario,Regular,2023-12-26,31,luca.ramirez@email.com
C0176,Luca,Torres,Córdoba,Premium,2023-12-17,43,luca.torres@email.com
C0177,Jorge,Diaz,La Plata,Regular,2023-09-27,45,jorge.diaz@email.com
C0178,Carlos,Lopez,Mar del Plata,Regular,2023-02-17,40,carlos.lopez@email.com
C0179,Jorge,Gomez,Tucumán,Occasional,2023-11-27,31,jorge.gomez@email.com
C0180,Jorge,Ramirez,Rosario,Premium,2023-12-10,41,jorge.ramirez@email.com
C0181,Laura,Rivera,Mendoza,Regular,2023-08-05,19,laura.rivera@email.com
C0182,Mateo,Gomez,Rosario,Premium,2023-09-18,62,mateo.gomez@email.com
C0183,Luca,Ramirez,Santa Fe,Occasional,2023-07-05,43,luca.ramirez@email.com
C0184,Mateo,Ramirez,Mar del Plata,Occasional,2023-01-10,31,mateo.ramirez@email.com
C0185,Ana,Diaz,Santa Fe,Regular,2023-07-05,24,ana.diaz@email.com
C0186,Maria,Garcia,Santa Fe,Regular,2023-06-08,20,maria.garcia@email.com
C0187,Luca,Rodriguez,La Plata,Occasional,2023-04-03,64,luca.rodriguez@email.com
C0188,Andres,Gonzalez,Rosario,Regular,2023-04-20,40,andres.gonzalez@email.com
C0189,Camila,Lopez,La Plata,Regular,2023-06-24,63,camila.lopez@email.com
C0190,Camila,Sanchez,Salta,Regular,2023-09-06,60,camila.sanchez@email.com
C0191,Laura,Gomez,La Plata,Premium,2023-04-09,64,laura.gomez@email.com
C0192,Isabella,Lopez,Mar del Plata,Occasional,2023-04-26,62,isabella.lopez@email.com
C0193,Jorge,Gonzalez,Córdoba,Occasional,2023-03-12,35,jorge.gonzalez@email.com
C0194,Diego,Rivera,Salta,Regular,2023-03-21,55,diego.rivera@email.com
C0195,Gabriela,Flores,Córdoba,Regular,2023-02-09,52,gabriela.flores@email.com
C0196,Laura,Perez,Rosario,Regular,2023-06-01,32,laura.perez@email.com
C0197,Andres,Ramirez,Mendoza,Occasional,2023-02-21,42,andres.ramirez@email.com
C0198,Valentina,Torres,Tucumán,Occasional,2023-09-17,54,valentina.torres@email.com
C0199,Laura,Torres,Santa Fe,Occasional,2023-10-04,45,laura.torres@email.com
C0200,Luca,Perez,Mar del Plata,Occasional,2023-09-27,27,luca.perez@email.com
C0201,Mateo,Sanchez,Córdoba,Regular,2023-01-20,56,mateo.sanchez@email.com
C0202,Sofia,Gomez,Tucumán,Premium,2023-12-05,34,sofia.gomez@email.com
C0203,Valentina,Torres,Buenos Aires,Premium,2023-06-22,56,valentina.torres@email.com
C0204,Andres,Perez,La Plata,Occasional,2023-11-13,39,andres.perez@email.com
C0205,Diego,Perez,Santa Fe,Regular,2023-03-09,43,diego.perez@email.com
C0206,Jorge,Gomez,Córdoba,Premium,2023-11-02,61,jorge.gomez@email.com
C0207,Pablo,Ramirez,Salta,Premium,2023-07-12,42,pablo.ramirez@email.com
C0208,Pablo,Gonzalez,Mar del Plata,Regular,2023-03-20,34,pablo.gonzalez@email.com
C0209,Camila,Gonzalez,La Plata,Premium,2023-03-25,30,camila.gonzalez@email.com
C0210,Ana,Gonzalez,San Juan,Premium,2023-04-03,37,ana.gonzalez@email.com
C0211,Mateo,Lopez,Tucumán,Regular,2023-12-21,42,mateo.lopez@email.com
C0212,Diego,Rodriguez,Mar del Plata,Regular,2023-11-16,21,diego.rodriguez@email.com
C0213,Ana,Gomez,Córdoba,Regular,2023-03-26,27,ana.gomez@email.com
C0214,Sofia,Lopez,Mendoza,Regular,2023-08-13,20,sofia.lopez@email.com
C0215,Ana,Perez,Salta,Occasional,2023-01-23,58,ana.perez@email.com
C0216,Gabriela,Rodriguez,Buenos Aires,Regular,2023-07-30,62,gabriela.rodriguez@email.com
C0217,Laura,Gomez,San Juan,Regular,2023-07-06,35,laura.gomez@email.com
C0218,Sebastian,Torres,Santa Fe,Occasional,2023-12-13,64,sebastian.torres@email.com
C0219,Jorge,Diaz,Mar del Plata,Regular,2023-05-02,53,jorge.diaz@email.com
C0220,Pablo,Gomez,San Juan,Occasional,2023-08-16,64,pablo.gomez@email.com
C0221,Isabella,Martinez,Mendoza,Regular,2023-11-09,39,isabella.martinez@email.com
C0222,Camila,Lopez,Córdoba,Regular,2023-05-26,51,camila.lopez@email.com
C0223,Sebastian,Lopez,Salta,Premium,2023-08-18,64,sebastian.lopez@email.com
C0224,Camila,Gomez,La Plata,Regular,2023-04-30,25,camila.gomez@email.com
C0225,Mateo,Ramirez,Tucumán,Regular,2023-10-01,57,mateo.ramirez@email.com
C0226,Mateo,Gonzalez,Córdoba,Regular,2023-05-03,61,mateo.gonzalez@email.com
C0227,Maria,Gomez,Rosario,Occasional,2023-06-08,36,maria.gomez@email.com
C0228,Mateo,Flores,Buenos Aires,Regular,2023-08-29,59,mateo.flores@email.com
C0229,Mateo,Diaz,Buenos Aires,Occasional,2023-04-10,58,mateo.diaz@email.com
C0230,Pablo,Torres,La Plata,Regular,2023-07-08,54,pablo.torres@email.com
C0231,Diego,Flores,Salta,Occasional,2023-12-14,23,diego.flores@email.com
C0232,Mateo,Gonzalez,Córdoba,Regular,2023-10-20,43,mateo.gonzalez@email.com
C0233,Valentina,Rodriguez,Córdoba,Regular,2023-08-14,51,valentina.rodriguez@email.com
C0234,Diego,Reyes,Mendoza,Regular,2023-08-25,62,diego.reyes@email.com
C0235,Valentina,Lopez,Santa Fe,Premium,2023-05-25,23,valentina.lopez@email.com
C0236,Valentina,Gonzalez,Rosario,Occasional,2023-07-15,54,valentina.gonzalez@email.com
C0237,Andres,Lopez,Tucumán,Regular,2023-09-15,50,andres.lopez@email.com
C0238,Ana,Perez,Salta,Premium,2023-09-28,39,ana.perez@email.com
C0239,Luca,Martinez,Mar del Plata,Regular,2023-08-03,38,luca.martinez@email.com
C0240,Andres,Gonzalez,Santa Fe,Premium,2023-03-24,23,andres.gonzalez@email.com
C0241,Mateo,Garcia,Tucumán,Occasional,2023-04-13,23,mateo.garcia@email.com
C0242,Valentina,Gomez,San Juan,Occasional,2023-11-06,21,valentina.gomez@email.com
C0243,Jorge,Torres,Rosario,Occasional,2023-03-12,47,jorge.torres@email.com
C0244,Maria,Martinez,Tucumán,Regular,2023-05-09,28,maria.martinez@email.com
C0245,Gabriela,Gonzalez,Córdoba,Premium,2023-01-27,47,gabriela.gonzalez@email.com
C0246,Camila,Garcia,Salta,Occasional,2023-11-25,48,camila.garcia@email.com
C0247,Maria,Garcia,San Juan,Regular,2023-09-04,41,maria.garcia@email.com
C0248,Andres,Torres,Tucumán,Occasional,2023-07-10,26,andres.torres@email.com
C0249,Gabriela,Gonzalez,La Plata,Occasional,2023-10-11,20,gabriela.gonzalez@email.com
C0250,Ana,Gomez,Buenos Aires,Occasional,2023-02-22,48,ana.gomez@email.com
C0251,Isabella,Martinez,Mar del Plata,Regular,2023-12-31,57,isabella.martinez@email.com
C0252,Sebastian,Rivera,Mendoza,Regular,2023-09-22,54,sebastian.rivera@email.com
C0253,Laura,Reyes,Salta,Occasional,2023-03-05,53,laura.reyes@email.com
C0254,Maria,Diaz,Salta,Regular,2023-05-26,41,maria.diaz@email.com
C0255,Valentina,Ramirez,Mendoza,Premium,2023-02-12,48,valentina.ramirez@email.com
C0256,Sofia,Rodriguez,Mar del Plata,Regular,2023-03-24,23,sofia.rodriguez@email.com
C0257,Laura,Reyes,Córdoba,Occasional,2023-05-20,19,laura.reyes@email.com
C0258,Luca,Garcia,Mar del Plata,Regular,2023-08-19,37,luca.garcia@email.com
C0259,Valentina,Flores,Santa Fe,Regular,2023-09-20,45,valentina.flores@email.com
C0260,Camila,Gonzalez,Mar del Plata,Premium,2023-03-17,28,camila.gonzalez@email.com
C0261,Gabriela,Ramirez,Buenos Aires,Regular,2023-08-12,21,gabriela.ramirez@email.com
C0262,Isabella,Ramirez,Tucumán,Occasional,2023-02-16,32,isabella.ramirez@email.com
C0263,Carlos,Ramirez,La Plata,Premium,2023-04-24,23,carlos.ramirez@email.com
C0264,Valentina,Perez,Mendoza,Regular,2023-08-19,47,valentina.perez@email.com
C0265,Andres,Martinez,Córdoba,Occasional,2023-06-28,55,andres.martinez@email.com
C0266,Carlos,Garcia,Salta,Occasional,2023-01-14,19,carlos.garcia@email.com
C0267,Sebastian,Gonzalez,Córdoba,Regular,2023-08-01,32,sebastian.gonzalez@email.com
C0268,Diego,Reyes,Mendoza,Occasional,2023-01-28,28,diego.reyes@email.com
C0269,Laura,Ramirez,San Juan,Regular,2023-07-22,25,laura.ramirez@email.com
C0270,Sebastian,Rodriguez,Buenos Aires,Regular,2023-09-15,43,sebastian.rodriguez@email.com
C0271,Sofia,Reyes,Buenos Aires,Occasional,2023-07-11,62,sofia.reyes@email.com
C0272,Sebastian,Rodriguez,Mar del Plata,Occasional,2023-05-01,61,sebastian.rodriguez@email.com
C0273,Luca,Sanchez,Mendoza,Occasional,2023-07-17,22,luca.sanchez@email.com
C0274,Isabella,Ramirez,Rosario,Occasional,2023-02-11,23,isabella.ramirez@email.com
C0275,Gabriela,Rodriguez,San Juan,Regular,2023-07-11,43,gabriela.rodriguez@email.com
C0276,Luca,Flores,Mendoza,Regular,2023-04-25,21,luca.flores@email.com
C0277,Luca,Rivera,Córdoba,Occasional,2023-01-15,36,luca.rivera@email.com
C0278,Isabella,Rivera,Santa Fe,Regular,2023-06-13,37,isabella.rivera@email.com
C0279,Gabriela,Garcia,Mendoza,Occasional,2023-02-20,50,gabriela.garcia@email.com
C0280,Sebastian,Martinez,San Juan,Occasional,2024-01-01,37,sebastian.martinez@email.com
C0281,Camila,Martinez,Mendoza,Occasional,2023-11-29,29,camila.martinez@email.com
C0282,Maria,Diaz,Mendoza,Regular,2023-06-21,64,maria.diaz@email.com
C0283,Camila,Flores,Mar del Plata,Regular,2023-03-16,18,camila.flores@email.com
C0284,Gabriela,Gonzalez,Rosario,Premium,2023-03-12,43,gabriela.gonzalez@email.com
C0285,Pablo,Rodriguez,San Juan,Regular,2023-01-20,31,pablo.rodriguez@email.com
C0286,Gabriela,Lopez,Buenos Aires,Premium,2023-05-27,55,gabriela.lopez@email.com
C0287,Mateo,Rodriguez,La Plata,Regular,2023-08-30,54,mateo.rodriguez@email.com
C0288,Valentina,Torres,Rosario,Regular,2023-12-23,28,valentina.torres@email.com
C0289,Jorge,Diaz,Rosario,Regular,2023-03-13,53,jorge.diaz@email.com
C0290,Gabriela,Sanchez,Santa Fe,Regular,2023-12-28,30,gabriela.sanchez@email.com
C0291,Mateo,Flores,La Plata,Premium,2023-08-29,60,mateo.flores@email.com
C0292,Sofia,Flores,Rosario,Premium,2023-08-18,20,sofia.flores@email.com
C0293,Maria,Diaz,Córdoba,Occasional,2023-11-12,50,maria.diaz@email.com
C0294,Isabella,Flores,Buenos Aires,Regular,2023-01-03,23,isabella.flores@email.com
C0295,Gabriela,Lopez,Rosario,Premium,2023-02-10,27,gabriela.lopez@email.com
C0296,Diego,Diaz,Buenos Aires,Regular,2023-01-10,22,diego.diaz@email.com
C0297,Laura,Torres,Mar del Plata,Occasional,2023-05-12,40,laura.torres@email.com
C0298,Jorge,Sanchez,Mendoza,Regular,2023-04-21,27,jorge.sanchez@email.com
C0299,Sofia,Ramirez,San Juan,Regular,2023-03-18,61,sofia.ramirez@email.com
C0300,Luca,Cruz,Mar del Plata,Premium,2023-10-08,19,luca.cruz@email.com
C0301,Valentina,Ramirez,Buenos Aires,Premium,2023-11-08,30,valentina.ramirez@email.com
C0302,Isabella,Gonzalez,Rosario,Regular,2023-09-28,57,isabella.gonzalez@email.com
C0303,Mateo,Reyes,La Plata,Regular,2023-08-05,19,mateo.reyes@email.com
C0304,Carlos,Flores,Buenos Aires,Regular,2023-02-26,37,carlos.flores@email.com
C0305,Isabella,Sanchez,Rosario,Occasional,2023-05-28,18,isabella.sanchez@email.com
C0306,Jorge,Gonzalez,Tucumán,Occasional,2023-05-02,54,jorge.gonzalez@email.com
C0307,Isabella,Flores,Santa Fe,Regular,2023-06-04,26,isabella.flores@email.com
C0308,Mateo,Flores,Córdoba,Regular,2023-03-04,34,mateo.flores@email.com
C0309,Sebastian,Garcia,Córdoba,Occasional,2023-01-25,26,sebastian.garcia@email.com
C0310,Carlos,Flores,Salta,Regular,2023-05-03,28,carlos.flores@email.com
C0311,Mateo,Gomez,Salta,Regular,2023-08-03,32,mateo.gomez@email.com
C0312,Carlos,Rodriguez,Mar del Plata,Premium,2023-11-24,41,carlos.rodriguez@email.com
C0313,Camila,Diaz,Santa Fe,Premium,2023-11-15,55,camila.diaz@email.com
C0314,Andres,Lopez,San Juan,Occasional,2023-08-23,52,andres.lopez@email.com
C0315,Luca,Rivera,Córdoba,Occasional,2023-02-02,47,luca.rivera@email.com
C0316,Carlos,Lopez,Salta,Regular,2023-02-26,48,carlos.lopez@email.com
C0317,Jorge,Gonzalez,Santa Fe,Regular,2023-09-13,22,jorge.gonzalez@email.com
C0318,Isabella,Rivera,Mendoza,Premium,2023-11-02,61,isabella.rivera@email.com
C0319,Andres,Rodriguez,San Juan,Premium,2023-10-02,31,andres.rodriguez@email.com
C0320,Diego,Martinez,Buenos Aires,Regular,2023-01-09,28,diego.martinez@email.com
C0321,Diego,Lopez,Santa Fe,Regular,2023-11-20,26,diego.lopez@email.com
C0322,Jorge,Martinez,La Plata,Occasional,2023-09-21,51,jorge.martinez@email.com
C0323,Sofia,Torres,Salta,Regular,2023-10-22,29,sofia.torres@email.com
C0324,Diego,Rodriguez,Buenos Aires,Regular,2023-05-04,52,diego.rodriguez@email.com
C0325,Maria,Martinez,Buenos Aires,Occasional,2023-03-15,52,maria.martinez@email.com
C0326,Jorge,Garcia,Salta,Occasional,2023-05-30,18,jorge.garcia@email.com
C0327,Andres,Sanchez,Tucumán,Regular,2023-08-08,57,andres.sanchez@email.com
C0328,Gabriela,Ramirez,Tucumán,Regular,2023-01-01,39,gabriela.ramirez@email.com
C0329,Diego,Gomez,Córdoba,Regular,2023-11-11,46,diego.gomez@email.com
C0330,Luca,Flores,Salta,Regular,2023-06-30,25,luca.flores@email.com
C0331,Ana,Ramirez,Salta,Regular,2023-05-04,28,ana.ramirez@email.com
C0332,Mateo,Gonzalez,Córdoba,Occasional,2023-10-20,58,mateo.gonzalez@email.com
C0333,Pablo,Garcia,Córdoba,Premium,2023-08-02,54,pablo.garcia@email.com
C0334,Andres,Lopez,Mar del Plata,Premium,2023-04-06,31,andres.lopez@email.com
C0335,Camila,Gonzalez,San Juan,Premium,2023-12-07,47,camila.gonzalez@email.com
C0336,Laura,Gomez,Rosario,Premium,2023-12-09,52,laura.gomez@email.com
C0337,Carlos,Gonzalez,Córdoba,Occasional,2023-02-13,38,carlos.gonzalez@email.com
C0338,Sebastian,Gomez,Rosario,Occasional,2023-09-26,54,sebastian.gomez@email.com
C0339,Andres,Reyes,La Plata,Regular,2023-07-04,22,andres.reyes@email.com
C0340,Andres,Ramirez,San Juan,Premium,2023-02-04,36,andres.ramirez@email.com
C0341,Sofia,Rodriguez,San Juan,Regular,2023-09-27,31,sofia.rodriguez@email.com
C0342,Camila,Rivera,Santa Fe,Regular,2023-10-06,43,camila.rivera@email.com
C0343,Ana,Lopez,Mar del Plata,Premium,2023-09-17,21,ana.lopez@email.com
C0344,Maria,Cruz,Tucumán,Regular,2023-09-17,42,maria.cruz@email.com
C0345,Gabriela,Gonzalez,San Juan,Regular,2023-10-11,62,gabriela.gonzalez@email.com
C0346,Valentina,Diaz,Santa Fe,Regular,2023-01-11,59,valentina.diaz@email.com
C0347,Gabriela,Diaz,La Plata,Regular,2023-07-19,42,gabriela.diaz@email.com
C0348,Carlos,Rivera,Salta,Premium,2023-08-29,35,carlos.rivera@email.com
C0349,Ana,Flores,Santa Fe,Regular,2023-01-23,57,ana.flores@email.com
C0350,Maria,Rivera,San Juan,Regular,2023-11-22,25,maria.rivera@email.com
C0351,Sofia,Diaz,Tucumán,Regular,2023-07-18,56,sofia.diaz@email.com
C0352,Luca,Cruz,Córdoba,Occasional,2023-07-11,57,luca.cruz@email.com
C0353,Gabriela,Lopez,Córdoba,Regular,2023-05-10,31,gabriela.lopez@email.com
C0354,Diego,Sanchez,Santa Fe,Premium,2023-01-09,49,diego.sanchez@email.com
C0355,Gabriela,Rodriguez,Mendoza,Premium,2023-07-02,55,gabriela.rodriguez@email.com
C0356,Mateo,Torres,Tucumán,Regular,2023-02-04,50,mateo.torres@email.com
C0357,Luca,Lopez,Salta,Premium,2023-06-26,40,luca.lopez@email.com
C0358,Jorge,Rivera,Mendoza,Regular,2023-05-04,32,jorge.rivera@email.com
C0359,Carlos,Martinez,Tucumán,Occasional,2023-12-03,50,carlos.martinez@email.com
C0360,Maria,Cruz,Mar del Plata,Regular,2023-11-18,42,maria.cruz@email.com
C0361,Jorge,Gonzalez,Salta,Regular,2023-02-23,34,jorge.gonzalez@email.com
C0362,Luca,Reyes,Tucumán,Regular,2023-10-25,50,luca.reyes@email.com
C0363,Ana,Martinez,Tucumán,Regular,2023-06-20,64,ana.martinez@email.com
C0364,Camila,Rodriguez,Córdoba,Regular,2023-03-10,19,camila.rodriguez@email.com
C0365,Gabriela,Garcia,Mar del Plata,Occasional,2023-01-23,31,gabriela.garcia@email.com
C0366,Mateo,Martinez,Tucumán,Regular,2023-06-30,57,mateo.martinez@email.com
C0367,Jorge,Diaz,Mar del Plata,Occasional,2023-10-07,57,jorge.diaz@email.com
C0368,Sofia,Gonzalez,La Plata,Occasional,2023-06-23,56,sofia.gonzalez@email.com
C0369,Camila,Flores,Mar del Plata,Premium,2023-11-26,23,camila.flores@email.com
C0370,Carlos,Gomez,Rosario,Premium,2023-03-31,23,carlos.gomez@email.com
C0371,Jorge,Reyes,Salta,Premium,2023-12-17,20,jorge.reyes@email.com
C0372,Valentina,Flores,Córdoba,Premium,2023-08-26,24,valentina.flores@email.com
C0373,Maria,Cruz,Córdoba,Premium,2023-12-23,25,maria.cruz@email.com
C0374,Maria,Gonzalez,Córdoba,Regular,2023-09-03,59,maria.gonzalez@email.com
C0375,Luca,Ramirez,Córdoba,Premium,2023-11-20,32,luca.ramirez@email.com
C0376,Sebastian,Rodriguez,Tucumán,Regular,2023-04-04,64,sebastian.rodriguez@email.com
C0377,Sebastian,Ramirez,Córdoba,Occasional,2023-03-11,46,sebastian.ramirez@email.com
C0378,Jorge,Gomez,Mar del Plata,Premium,2023-02-02,50,jorge.gomez@email.com
C0379,Maria,Gonzalez,Rosario,Occasional,2023-08-23,47,maria.gonzalez@email.com
C0380,Ana,Gomez,Santa Fe,Regular,2023-01-19,56,ana.gomez@email.com
C0381,Sebastian,Sanchez,Buenos Aires,Premium,2023-05-31,44,sebastian.sanchez@email.com
C0382,Isabella,Gonzalez,San Juan,Regular,2023-04-14,53,isabella.gonzalez@email.com
C0383,Camila,Torres,Santa Fe,Regular,2023-01-23,46,camila.torres@email.com
C0384,Jorge,Torres,Santa Fe,Occasional,2023-04-13,55,jorge.torres@email.com
C0385,Ana,Ramirez,Mar del Plata,Occasional,2023-01-22,50,ana.ramirez@email.com
C0386,Diego,Ramirez,Córdoba,Occasional,2023-06-11,54,diego.ramirez@email.com
C0387,Sebastian,Rodriguez,Tucumán,Regular,2023-06-08,44,sebastian.rodriguez@email.com
C0388,Ana,Flores,Mar del Plata,Premium,2023-09-21,50,ana.flores@email.com
C0389,Sofia,Garcia,Tucumán,Occasional,2023-07-23,21,sofia.garcia@email.com
C0390,Sebastian,Cruz,Buenos Aires,Occasional,2023-10-06,39,sebastian.cruz@email.com
C0391,Sebastian,Sanchez,La Plata,Occasional,2023-08-31,19,sebastian.sanchez@email.com
C0392,Camila,Gomez,San Juan,Regular,2023-05-10,27,camila.gomez@email.com
C0393,Jorge,Perez,La Plata,Regular,2023-01-19,22,jorge.perez@email.com
C0394,Maria,Flores,Mar del Plata,Occasional,2023-11-28,27,maria.flores@email.com
C0395,Laura,Gonzalez,Córdoba,Regular,2023-04-08,50,laura.gonzalez@email.com
C0396,Laura,Garcia,San Juan,Occasional,2023-05-27,55,laura.garcia@email.com
C0397,Laura,Rodriguez,Santa Fe,Occasional,2023-07-02,30,laura.rodriguez@email.com
C0398,Camila,Lopez,Mendoza,Regular,2023-01-25,48,camila.lopez@email.com
C0399,Pablo,Rivera,Rosario,Occasional,2023-12-02,64,pablo.rivera@email.com
C0400,Diego,Reyes,Salta,Occasional,2023-06-19,53,diego.reyes@email.com
C0401,Valentina,Reyes,Mendoza,Premium,2023-05-20,62,valentina.reyes@email.com
C0402,Sebastian,Flores,Córdoba,Occasional,2023-03-05,41,sebastian.flores@email.com
C0403,Maria,Flores,Mar del Plata,Regular,2023-07-08,32,maria.flores@email.com
C0404,Valentina,Garcia,Santa Fe,Occasional,2023-08-12,46,valentina.garcia@email.com
C0405,Andres,Diaz,Mar del Plata,Regular,2023-07-24,25,andres.diaz@email.com
C0406,Sebastian,Rivera,Córdoba,Occasional,2023-08-14,22,sebastian.rivera@email.com
C0407,Andres,Reyes,La Plata,Regular,2023-07-17,46,andres.reyes@email.com
C0408,Camila,Gonzalez,San Juan,Premium,2023-06-23,64,camila.gonzalez@email.com
C0409,Isabella,Flores,Mendoza,Occasional,2023-04-06,21,isabella.flores@email.com
C0410,Sofia,Garcia,Tucumán,Premium,2023-09-12,29,sofia.garcia@email.com
C0411,Mateo,Diaz,Santa Fe,Regular,2023-12-21,62,mateo.diaz@email.com
C0412,Andres,Diaz,San Juan,Occasional,2023-09-12,19,andres.diaz@email.com
C0413,Pablo,Martinez,San Juan,Occasional,2023-07-08,44,pablo.martinez@email.com
C0414,Valentina,Ramirez,Santa Fe,Regular,2023-09-23,48,valentina.ramirez@email.com
C0415,Laura,Torres,Buenos Aires,Regular,2023-05-17,53,laura.torres@email.com
C0416,Jorge,Rivera,San Juan,Regular,2023-02-12,53,jorge.rivera@email.com
C0417,Camila,Ramirez,La Plata,Regular,2023-08-06,43,camila.ramirez@email.com
C0418,Ana,Cruz,Buenos Aires,Regular,2023-02-10,60,ana.cruz@email.com
C0419,Pablo,Gonzalez,Rosario,Regular,2023-08-09,44,pablo.gonzalez@email.com
C0420,Ana,Martinez,La Plata,Occasional,2023-11-05,22,ana.martinez@email.com
C0421,Andres,Flores,La Plata,Occasional,2023-04-03,37,andres.flores@email.com
C0422,Isabella,Sanchez,Mar del Plata,Occasional,2023-10-07,28,isabella.sanchez@email.com
C0423,Sofia,Rivera,Mar del Plata,Premium,2023-05-31,27,sofia.rivera@email.com
C0424,Luca,Reyes,Buenos Aires,Regular,2023-06-14,57,luca.reyes@email.com
C0425,Jorge,Ramirez,Rosario,Premium,2023-02-22,55,jorge.ramirez@email.com
C0426,Andres,Rodriguez,Rosario,Regular,2023-02-10,23,andres.rodriguez@email.com
C0427,Diego,Ramirez,San Juan,Regular,2023-06-17,25,diego.ramirez@email.com
C0428,Laura,Perez,Tucumán,Occasional,2023-12-05,40,laura.perez@email.com
C0429,Mateo,Sanchez,Córdoba,Regular,2023-06-01,64,mateo.sanchez@email.com
C0430,Andres,Perez,Rosario,Premium,2023-06-06,43,andres.perez@email.com
C0431,Luca,Perez,Buenos Aires,Premium,2023-08-17,63,luca.perez@email.com
C0432,Laura,Rivera,Córdoba,Occasional,2023-11-05,60,laura.rivera@email.com
C0433,Isabella,Rodriguez,Santa Fe,Regular,2023-08-07,29,isabella.rodriguez@email.com
C0434,Laura,Reyes,Mendoza,Premium,2023-03-27,43,laura.reyes@email.com
C0435,Maria,Martinez,Tucumán,Premium,2023-12-20,30,maria.martinez@email.com
C0436,Laura,Perez,Tucumán,Occasional,2023-08-16,57,laura.perez@email.com
C0437,Jorge,Sanchez,Salta,Premium,2023-06-29,35,jorge.sanchez@email.com
C0438,Laura,Gomez,Mar del Plata,Occasional,2023-08-17,42,laura.gomez@email.com
C0439,Diego,Ramirez,Rosario,Occasional,2023-01-22,50,diego.ramirez@email.com
C0440,Pablo,Gonzalez,Mar del Plata,Premium,2023-06-30,64,pablo.gonzalez@email.com
C0441,Laura,Rivera,La Plata,Premium,2023-11-11,57,laura.rivera@email.com
C0442,Gabriela,Sanchez,Mar del Plata,Occasional,2023-08-11,60,gabriela.sanchez@email.com
C0443,Andres,Reyes,San Juan,Regular,2023-05-21,29,andres.reyes@email.com
C0444,Gabriela,Diaz,San Juan,Regular,2023-11-24,61,gabriela.diaz@email.com
C0445,Pablo,Torres,Córdoba,Occasional,2023-01-30,53,pablo.torres@email.com
C0446,Andres,Garcia,Buenos Aires,Occasional,2023-02-08,21,andres.garcia@email.com
C0447,Gabriela,Ramirez,Rosario,Occasional,2023-12-10,22,gabriela.ramirez@email.com
C0448,Laura,Rodriguez,Rosario,Occasional,2023-11-23,54,laura.rodriguez@email.com
C0449,Valentina,Perez,San Juan,Regular,2023-07-27,25,valentina.perez@email.com
C0450,Sebastian,Gonzalez,Buenos Aires,Premium,2023-07-06,59,sebastian.gonzalez@email.com
C0451,Andres,Perez,Córdoba,Occasional,2023-09-20,45,andres.perez@email.com
C0452,Gabriela,Rodriguez,La Plata,Regular,2023-12-14,48,gabriela.rodriguez@email.com
C0453,Maria,Diaz,Salta,Regular,2023-03-23,26,maria.diaz@email.com
C0454,Maria,Sanchez,Tucumán,Occasional,2023-01-16,46,maria.sanchez@email.com
C0455,Valentina,Reyes,Salta,Premium,2023-03-15,31,valentina.reyes@email.com
C0456,Isabella,Torres,San Juan,Regular,2023-11-08,57,isabella.torres@email.com
C0457,Isabella,Reyes,Salta,Premium,2023-12-14,58,isabella.reyes@email.com
C0458,Andres,Garcia,Tucumán,Regular,2023-08-13,39,andres.garcia@email.com
C0459,Ana,Rivera,La Plata,Premium,2023-01-18,28,ana.rivera@email.com
C0460,Isabella,Reyes,Mendoza,Premium,2023-03-06,40,isabella.reyes@email.com
C0461,Camila,Torres,Santa Fe,Premium,2023-02-04,18,camila.torres@email.com
C0462,Valentina,Ramirez,Córdoba,Regular,2023-05-01,63,valentina.ramirez@email.com
C0463,Jorge,Sanchez,Mar del Plata,Occasional,2023-11-27,54,jorge.sanchez@email.com
C0464,Jorge,Garcia,Tucumán,Regular,2023-07-07,38,jorge.garcia@email.com
C0465,Maria,Lopez,Córdoba,Occasional,2023-07-05,43,maria.lopez@email.com
C0466,Laura,Torres,La Plata,Regular,2023-07-16,63,laura.torres@email.com
C0467,Jorge,Perez,San Juan,Regular,2023-10-18,53,jorge.perez@email.com
C0468,Mateo,Flores,Salta,Occasional,2023-01-17,40,mateo.flores@email.com
C0469,Camila,Diaz,Santa Fe,Regular,2023-11-06,18,camila.diaz@email.com
C0470,Jorge,Ramirez,La Plata,Occasional,2023-03-20,57,jorge.ramirez@email.com
C0471,Ana,Rivera,Buenos Aires,Premium,2023-12-14,32,ana.rivera@email.com
C0472,Sofia,Ramirez,Mendoza,Occasional,2023-08-19,38,sofia.ramirez@email.com
C0473,Ana,Diaz,Tucumán,Premium,2023-07-09,64,ana.diaz@email.com
C0474,Pablo,Garcia,San Juan,Occasional,2023-07-10,26,pablo.garcia@email.com
C0475,Sofia,Lopez,Buenos Aires,Regular,2023-08-16,26,sofia.lopez@email.com
C0476,Carlos,Gonzalez,Buenos Aires,Occasional,2023-02-09,27,carlos.gonzalez@email.com
C0477,Sebastian,Torres,Mendoza,Premium,2023-10-21,43,sebastian.torres@email.com
C0478,Ana,Martinez,La Plata,Regular,2023-03-12,58,ana.martinez@email.com
C0479,Jorge,Cruz,Mendoza,Occasional,2023-09-29,52,jorge.cruz@email.com
C0480,Andres,Gonzalez,Rosario,Regular,2023-07-07,42,andres.gonzalez@email.com
C0481,Pablo,Ramirez,La Plata,Regular,2023-07-23,43,pablo.ramirez@email.com
C0482,Andres,Cruz,La Plata,Regular,2023-06-10,28,andres.cruz@email.com
C0483,Gabriela,Gomez,Mar del Plata,Regular,2023-11-29,55,gabriela.gomez@email.com
C0484,Jorge,Ramirez,Córdoba,Regular,2023-05-23,19,jorge.ramirez@email.com
C0485,Pablo,Rodriguez,Buenos Aires,Regular,2023-05-08,24,pablo.rodriguez@email.com
C0486,Sofia,Garcia,Salta,Occasional,2023-02-28,35,sofia.garcia@email.com
C0487,Ana,Rivera,Tucumán,Premium,2023-01-14,44,ana.rivera@email.com
C0488,Maria,Flores,Rosario,Regular,2023-04-06,51,maria.flores@email.com
C0489,Ana,Diaz,Rosario,Occasional,2023-09-13,44,ana.diaz@email.com
C0490,Diego,Lopez,Tucumán,Occasional,2023-09-23,34,diego.lopez@email.com
C0491,Laura,Gomez,Santa Fe,Regular,2023-07-18,60,laura.gomez@email.com
C0492,Isabella,Martinez,Mendoza,Regular,2023-10-15,61,isabella.martinez@email.com
C0493,Sofia,Gonzalez,Santa Fe,Regular,2023-03-02,41,sofia.gonzalez@email.com
C0494,Ana,Torres,Santa Fe,Premium,2023-05-15,42,ana.torres@email.com
C0495,Sofia,Garcia,Mar del Plata,Regular,2023-05-14,24,sofia.garcia@email.com
C0496,Valentina,Torres,Córdoba,Regular,2023-12-27,23,valentina.torres@email.com
C0497,Jorge,Sanchez,Tucumán,Regular,2023-08-17,41,jorge.sanchez@email.com
C0498,Isabella,Rodriguez,Buenos Aires,Premium,2023-04-20,50,isabella.rodriguez@email.com
C0499,Laura,Lopez,Tucumán,Occasional,2023-11-10,46,laura.lopez@email.com
C0500,Diego,Reyes,Buenos Aires,Occasional,2023-05-27,60,diego.reyes@email.com
