order_id,customer_id,order_date,status,channel
O00001,C0120,2024-05-29,Returned,Social Media
O00002,C0358,2023-02-26,Completed,Paid Search
O00003,C0428,2023-05-08,Completed,Organic
O00004,C0415,2024-06-14,Completed,Social Media
O00005,C0196,2023-06-06,Completed,Organic
O00006,C0334,2023-11-08,Completed,Paid Search
O00007,C0100,2023-06-18,Returned,Organic
O00008,C0146,2023-06-15,Completed,Organic
O00009,C0449,2023-11-27,Completed,Paid Search
O00010,C0007,2024-12-27,Completed,Organic
O00011,C0040,2023-08-19,Completed,Direct
O00012,C0101,2023-12-21,Completed,Organic
O00013,C0014,2024-06-15,Completed,Paid Search
O00014,C0088,2023-10-18,Completed,Organic
O00015,C0293,2023-03-22,Completed,Paid Search
O00016,C0208,2023-09-14,Completed,Direct
O00017,C0446,2023-07-21,Completed,Organic
O00018,C0408,2024-10-12,Cancelled,Direct
O00019,C0169,2024-07-18,Completed,Organic
O00020,C0129,2023-10-09,Completed,Social Media
O00021,C0186,2023-05-09,Completed,Paid Search
O00022,C0296,2024-10-02,Completed,Email
O00023,C0133,2023-11-07,Completed,Social Media
O00024,C0313,2024-09-21,Completed,Paid Search
O00025,C0203,2024-06-30,Cancelled,Organic
O00026,C0278,2023-04-06,Completed,Organic
O00027,C0214,2024-05-29,Completed,Direct
O00028,C0146,2024-10-18,Completed,Paid Search
O00029,C0474,2023-06-22,Returned,Paid Search
O00030,C0376,2024-08-29,Completed,Email
O00031,C0067,2024-08-17,Completed,Paid Search
O00032,C0434,2023-06-07,Completed,Direct
O00033,C0240,2023-06-25,Completed,Social Media
O00034,C0448,2024-11-05,Returned,Social Media
O00035,C0398,2024-10-01,Completed,Email
O00036,C0209,2024-09-11,Completed,Organic
O00037,C0011,2023-12-12,Returned,Paid Search
O00038,C0133,2024-07-31,Returned,Paid Search
O00039,C0271,2023-02-12,Cancelled,Organic
O00040,C0318,2023-01-30,Completed,Social Media
O00041,C0129,2023-03-25,Completed,Direct
O00042,C0067,2023-02-16,Completed,Paid Search
O00043,C0417,2024-10-18,Completed,Paid Search
O00044,C0493,2024-08-13,Completed,Direct
O00045,C0261,2023-09-29,Completed,Paid Search
O00046,C0084,2024-10-28,Completed,Paid Search
O00047,C0134,2023-08-04,Completed,Paid Search
O00048,C0009,2024-08-08,Completed,Direct
O00049,C0457,2024-03-02,Completed,Social Media
O00050,C0057,2024-09-24,Cancelled,Email
O00051,C0290,2024-10-16,Completed,Email
O00052,C0136,2023-02-01,Completed,Paid Search
O00053,C0280,2024-05-24,Completed,Paid Search
O00054,C0327,2024-10-04,Completed,Email
O00055,C0415,2024-07-12,Completed,Paid Search
O00056,C0101,2023-10-24,Completed,Email
O00057,C0006,2024-10-19,Completed,Direct
O00058,C0066,2023-11-06,Completed,Social Media
O00059,C0451,2024-05-09,Completed,Social Media
O00060,C0436,2023-09-08,Completed,Email
O00061,C0300,2024-12-02,Cancelled,Email
O00062,C0301,2024-02-20,Returned,Paid Search
O00063,C0333,2023-11-01,Completed,Organic
O00064,C0085,2024-04-09,Completed,Paid Search
O00065,C0457,2023-03-16,Completed,Social Media
O00066,C0207,2024-12-06,Cancelled,Paid Search
O00067,C0189,2023-03-03,Completed,Social Media
O00068,C0259,2023-06-11,Completed,Paid Search
O00069,C0023,2024-03-26,Returned,Social Media
O00070,C0081,2024-03-01,Completed,Organic
O00071,C0366,2024-05-10,Returned,Social Media
O00072,C0039,2024-04-20,Completed,Paid Search
O00073,C0302,2023-07-28,Completed,Organic
O00074,C0122,2023-12-15,Completed,Paid Search
O00075,C0191,2024-09-13,Cancelled,Social Media
O00076,C0144,2023-05-28,Returned,Paid Search
O00077,C0175,2023-11-17,Completed,Organic
O00078,C0356,2023-11-23,Completed,Direct
O00079,C0148,2023-12-20,Completed,Social Media
O00080,C0286,2024-02-13,Cancelled,Direct
O00081,C0235,2023-05-14,Completed,Paid Search
O00082,C0333,2024-01-15,Completed,Paid Search
O00083,C0468,2024-06-11,Completed,Email
O00084,C0363,2024-07-29,Completed,Paid Search
O00085,C0104,2023-04-19,Completed,Social Media
O00086,C0016,2023-11-23,Completed,Paid Search
O00087,C0130,2023-09-05,Completed,Paid Search
O00088,C0299,2024-04-22,Returned,Organic
O00089,C0025,2023-05-06,Completed,Organic
O00090,C0245,2023-10-01,Completed,Organic
O00091,C0300,2024-04-05,Cancelled,Organic
O00092,C0166,2023-09-11,Completed,Direct
O00093,C0380,2023-05-25,Completed,Organic
O00094,C0050,2023-04-10,Completed,Social Media
O00095,C0036,2023-02-21,Returned,Email
O00096,C0361,2023-10-25,Completed,Social Media
O00097,C0245,2024-01-29,Cancelled,Organic
O00098,C0343,2024-09-22,Completed,Social Media
O00099,C0213,2024-03-04,Completed,Social Media
O00100,C0123,2023-09-12,Completed,Social Media
O00101,C0409,2023-06-13,Returned,Email
O00102,C0398,2023-12-02,Completed,Direct
O00103,C0346,2024-08-14,Returned,Social Media
O00104,C0134,2023-11-17,Completed,Paid Search
O00105,C0296,2023-07-14,Completed,Social Media
O00106,C0177,2023-06-13,Completed,Organic
O00107,C0043,2024-05-25,Returned,Email
O00108,C0459,2024-06-11,Completed,Organic
O00109,C0066,2024-04-23,Completed,Paid Search
O00110,C0475,2024-05-25,Completed,Email
O00111,C0220,2023-11-12,Returned,Social Media
O00112,C0091,2024-05-24,Completed,Paid Search
O00113,C0271,2023-01-24,Completed,Paid Search
O00114,C0435,2023-04-03,Completed,Email
O00115,C0363,2024-02-07,Completed,Paid Search
O00116,C0402,2024-06-01,Completed,Email
O00117,C0330,2024-04-13,Returned,Organic
O00118,C0345,2023-09-04,Returned,Email
O00119,C0425,2023-08-09,Completed,Email
O00120,C0124,2024-08-20,Completed,Organic
O00121,C0241,2023-12-28,Completed,Paid Search
O00122,C0108,2023-02-19,Completed,Organic
O00123,C0494,2023-02-21,Completed,Social Media
O00124,C0472,2023-10-16,Completed,Paid Search
O00125,C0020,2024-05-21,Completed,Social Media
O00126,C0351,2024-09-03,Completed,Organic
O00127,C0461,2024-10-31,Completed,Organic
O00128,C0088,2024-11-19,Completed,Organic
O00129,C0287,2024-04-26,Completed,Paid Search
O00130,C0458,2023-10-20,Completed,Social Media
O00131,C0017,2024-07-03,Completed,Email
O00132,C0347,2023-01-09,Completed,Social Media
O00133,C0148,2023-04-21,Completed,Paid Search
O00134,C0461,2024-03-17,Completed,Direct
O00135,C0486,2023-05-18,Completed,Social Media
O00136,C0472,2023-09-28,Completed,Direct
O00137,C0235,2024-01-10,Completed,Paid Search
O00138,C0431,2024-02-17,Cancelled,Paid Search
O00139,C0423,2024-01-10,Completed,Organic
O00140,C0159,2023-02-16,Completed,Social Media
O00141,C0415,2024-02-15,Completed,Organic
O00142,C0018,2023-02-22,Completed,Paid Search
O00143,C0299,2024-08-06,Completed,Paid Search
O00144,C0112,2024-07-29,Completed,Social Media
O00145,C0058,2023-07-19,Completed,Social Media
O00146,C0037,2024-01-07,Completed,Organic
O00147,C0347,2024-07-20,Completed,Paid Search
O00148,C0169,2023-10-23,Completed,Social Media
O00149,C0359,2023-03-17,Cancelled,Direct
O00150,C0031,2024-01-31,Completed,Social Media
O00151,C0156,2024-05-31,Completed,Direct
O00152,C0270,2024-04-06,Completed,Email
O00153,C0392,2024-07-17,Cancelled,Social Media
O00154,C0159,2023-10-14,Completed,Organic
O00155,C0313,2024-09-30,Completed,Social Media
O00156,C0442,2024-11-27,Completed,Social Media
O00157,C0309,2024-09-17,Completed,Social Media
O00158,C0113,2023-05-02,Completed,Paid Search
O00159,C0013,2023-05-12,Completed,Paid Search
O00160,C0434,2023-04-10,Completed,Paid Search
O00161,C0011,2024-02-08,Completed,Paid Search
O00162,C0437,2024-01-18,Completed,Organic
O00163,C0263,2023-12-14,Completed,Email
O00164,C0469,2024-07-25,Completed,Organic
O00165,C0397,2024-01-10,Completed,Organic
O00166,C0498,2023-05-28,Completed,Paid Search
O00167,C0173,2023-07-23,Cancelled,Social Media
O00168,C0378,2024-09-08,Completed,Paid Search
O00169,C0200,2024-06-05,Completed,Paid Search
O00170,C0237,2024-02-16,Completed,Social Media
O00171,C0314,2024-05-27,Cancelled,Paid Search
O00172,C0436,2023-02-11,Completed,Direct
O00173,C0493,2023-02-16,Completed,Direct
O00174,C0379,2023-02-09,Completed,Paid Search
O00175,C0207,2023-05-21,Completed,Paid Search
O00176,C0208,2024-12-31,Completed,Social Media
O00177,C0366,2023-12-08,Completed,Organic
O00178,C0118,2024-04-30,Completed,Paid Search
O00179,C0052,2024-06-15,Cancelled,Paid Search
O00180,C0175,2024-04-12,Completed,Direct
O00181,C0144,2023-06-02,Completed,Organic
O00182,C0147,2024-09-12,Completed,Social Media
O00183,C0114,2024-06-11,Completed,Social Media
O00184,C0021,2023-05-24,Completed,Paid Search
O00185,C0009,2023-12-02,Completed,Organic
O00186,C0494,2024-09-19,Completed,Direct
O00187,C0210,2023-11-23,Returned,Paid Search
O00188,C0189,2023-06-16,Cancelled,Social Media
O00189,C0340,2024-02-07,Completed,Organic
O00190,C0106,2024-09-23,Completed,Paid Search
O00191,C0475,2023-11-03,Cancelled,Paid Search
O00192,C0388,2024-08-30,Completed,Organic
O00193,C0042,2023-12-11,Returned,Organic
O00194,C0207,2024-06-03,Completed,Email
O00195,C0439,2024-06-05,Completed,Organic
O00196,C0473,2024-06-29,Completed,Organic
O00197,C0231,2024-05-16,Completed,Paid Search
O00198,C0308,2024-12-26,Completed,Email
O00199,C0081,2024-07-30,Completed,Organic
O00200,C0496,2023-11-03,Completed,Social Media
O00201,C0112,2024-05-01,Completed,Organic
O00202,C0471,2023-01-18,Completed,Organic
O00203,C0325,2024-01-13,Cancelled,Organic
O00204,C0304,2023-12-06,Completed,Email
O00205,C0255,2024-11-20,Returned,Organic
O00206,C0112,2023-04-23,Completed,Organic
O00207,C0085,2024-03-02,Completed,Paid Search
O00208,C0107,2024-08-20,Cancelled,Email
O00209,C0091,2023-11-12,Completed,Paid Search
O00210,C0384,2024-12-05,Completed,Paid Search
O00211,C0172,2024-10-06,Completed,Organic
O00212,C0028,2023-01-28,Completed,Paid Search
O00213,C0485,2024-09-03,Completed,Social Media
O00214,C0441,2024-04-30,Returned,Social Media
O00215,C0462,2023-09-29,Completed,Paid Search
O00216,C0497,2024-11-02,Completed,Paid Search
O00217,C0084,2024-08-15,Completed,Organic
O00218,C0195,2024-08-14,Completed,Paid Search
O00219,C0374,2023-08-22,Completed,Organic
O00220,C0347,2023-02-22,Completed,Email
O00221,C0073,2024-08-20,Completed,Direct
O00222,C0408,2024-05-06,Completed,Direct
O00223,C0110,2023-06-24,Completed,Email
O00224,C0110,2024-06-20,Completed,Social Media
O00225,C0269,2024-10-06,Completed,Social Media
O00226,C0298,2024-09-26,Completed,Paid Search
O00227,C0292,2024-01-25,Returned,Social Media
O00228,C0043,2023-06-01,Completed,Paid Search
O00229,C0437,2024-11-28,Completed,Paid Search
O00230,C0132,2023-09-06,Completed,Email
O00231,C0062,2023-02-02,Completed,Paid Search
O00232,C0444,2024-08-09,Completed,Paid Search
O00233,C0478,2024-12-18,Completed,Direct
O00234,C0431,2023-04-23,Completed,Organic
O00235,C0404,2023-07-15,Completed,Paid Search
O00236,C0329,2023-01-20,Completed,Direct
O00237,C0278,2024-03-27,Completed,Social Media
O00238,C0041,2023-11-18,Completed,Paid Search
O00239,C0203,2024-03-04,Completed,Organic
O00240,C0182,2023-06-05,Cancelled,Paid Search
O00241,C0129,2024-02-27,Returned,Email
O00242,C0358,2024-12-08,Returned,Social Media
O00243,C0245,2023-07-28,Returned,Paid Search
O00244,C0038,2024-02-25,Cancelled,Organic
O00245,C0107,2024-05-28,Completed,Organic
O00246,C0341,2024-09-18,Completed,Direct
O00247,C0037,2024-04-27,Completed,Paid Search
O00248,C0426,2023-03-05,Completed,Social Media
O00249,C0245,2024-12-23,Completed,Organic
O00250,C0238,2023-05-22,Completed,Social Media
O00251,C0298,2024-06-15,Completed,Direct
O00252,C0412,2023-08-01,Completed,Social Media
O00253,C0172,2024-07-28,Cancelled,Organic
O00254,C0339,2023-11-29,Completed,Social Media
O00255,C0286,2024-11-09,Completed,Email
O00256,C0132,2024-05-04,Completed,Paid Search
O00257,C0439,2024-06-22,Completed,Email
O00258,C0396,2024-01-21,Returned,Social Media
O00259,C0330,2023-11-18,Completed,Email
O00260,C0425,2023-06-27,Completed,Social Media
O00261,C0433,2024-04-15,Completed,Organic
O00262,C0352,2024-06-29,Completed,Paid Search
O00263,C0418,2023-12-17,Completed,Organic
O00264,C0347,2024-07-13,Completed,Direct
O00265,C0340,2023-12-29,Completed,Email
O00266,C0311,2024-11-23,Completed,Social Media
O00267,C0372,2024-11-28,Completed,Paid Search
O00268,C0078,2024-10-20,Cancelled,Organic
O00269,C0440,2024-12-10,Completed,Email
O00270,C0435,2023-09-28,Returned,Paid Search
O00271,C0015,2024-09-16,Completed,Organic
O00272,C0413,2024-05-10,Completed,Social Media
O00273,C0061,2023-07-16,Completed,Organic
O00274,C0167,2023-09-10,Completed,Paid Search
O00275,C0369,2023-10-13,Completed,Paid Search
O00276,C0078,2024-07-25,Completed,Organic
O00277,C0408,2023-11-02,Completed,Direct
O00278,C0416,2023-08-19,Cancelled,Organic
O00279,C0253,2023-11-01,Completed,Organic
O00280,C0005,2023-10-23,Completed,Organic
O00281,C0143,2024-12-22,Completed,Email
O00282,C0310,2023-08-01,Completed,Paid Search
O00283,C0492,2024-12-07,Completed,Social Media
O00284,C0317,2024-12-22,Completed,Organic
O00285,C0129,2024-05-15,Completed,Organic
O00286,C0318,2023-11-21,Completed,Paid Search
O00287,C0270,2024-05-06,Completed,Email
O00288,C0385,2023-12-24,Completed,Email
O00289,C0050,2024-07-27,Returned,Organic
O00290,C0375,2023-10-08,Returned,Paid Search
O00291,C0271,2023-10-22,Completed,Direct
O00292,C0482,2023-05-05,Completed,Paid Search
O00293,C0169,2024-08-10,Completed,Email
O00294,C0317,2024-11-23,Completed,Organic
O00295,C0465,2024-07-10,Completed,Direct
O00296,C0048,2024-01-24,Completed,Email
O00297,C0468,2024-02-09,Completed,Direct
O00298,C0343,2023-12-20,Completed,Social Media
O00299,C0032,2023-05-30,Completed,Paid Search
O00300,C0149,2023-10-25,Returned,Direct
O00301,C0352,2023-02-13,Completed,Paid Search
O00302,C0032,2023-10-22,Completed,Paid Search
O00303,C0292,2023-03-22,Returned,Social Media
O00304,C0171,2023-12-21,Cancelled,Email
O00305,C0312,2024-03-28,Completed,Direct
O00306,C0022,2024-11-02,Completed,Organic
O00307,C0435,2023-09-20,Completed,Email
O00308,C0487,2024-05-05,Cancelled,Social Media
O00309,C0485,2023-08-08,Returned,Organic
O00310,C0371,2023-07-26,Completed,Paid Search
O00311,C0062,2024-07-05,Completed,Paid Search
O00312,C0374,2023-10-05,Completed,Paid Search
O00313,C0014,2024-07-29,Completed,Direct
O00314,C0011,2024-12-13,Completed,Social Media
O00315,C0161,2023-10-06,Returned,Social Media
O00316,C0241,2023-05-21,Completed,Direct
O00317,C0380,2023-04-22,Returned,Paid Search
O00318,C0341,2024-09-22,Returned,Email
O00319,C0220,2024-08-23,Completed,Paid Search
O00320,C0136,2023-09-03,Completed,Email
O00321,C0498,2023-09-06,Completed,Organic
O00322,C0210,2023-02-21,Completed,Direct
O00323,C0223,2024-11-16,Completed,Organic
O00324,C0080,2024-06-27,Completed,Paid Search
O00325,C0395,2023-08-20,Completed,Email
O00326,C0345,2024-10-15,Completed,Paid Search
O00327,C0108,2023-08-27,Completed,Social Media
O00328,C0039,2023-02-23,Completed,Paid Search
O00329,C0340,2023-04-13,Completed,Social Media
O00330,C0328,2024-02-28,Completed,Organic
O00331,C0135,2023-12-05,Completed,Organic
O00332,C0476,2024-04-28,Completed,Paid Search
O00333,C0073,2023-04-13,Completed,Paid Search
O00334,C0212,2024-11-28,Completed,Organic
O00335,C0472,2023-05-21,Completed,Paid Search
O00336,C0207,2023-01-06,Completed,Paid Search
O00337,C0319,2024-07-17,Returned,Organic
O00338,C0196,2023-06-11,Completed,Social Media
O00339,C0136,2024-02-21,Completed,Email
O00340,C0493,2024-10-30,Completed,Organic
O00341,C0203,2024-05-02,Completed,Social Media
O00342,C0448,2024-05-03,Completed,Social Media
O00343,C0112,2024-10-28,Completed,Paid Search
O00344,C0103,2023-07-24,Completed,Social Media
O00345,C0016,2023-10-22,Completed,Paid Search
O00346,C0327,2023-11-25,Completed,Paid Search
O00347,C0181,2023-10-20,Completed,Organic
O00348,C0432,2024-10-23,Completed,Social Media
O00349,C0234,2023-03-02,Cancelled,Social Media
O00350,C0484,2023-04-02,Completed,Organic
O00351,C0091,2024-10-29,Completed,Paid Search
O00352,C0434,2024-08-10,Completed,Direct
O00353,C0383,2023-08-26,Completed,Paid Search
O00354,C0380,2024-07-01,Completed,Paid Search
O00355,C0423,2023-02-08,Completed,Direct
O00356,C0375,2023-06-29,Completed,Social Media
O00357,C0313,2024-03-03,Completed,Social Media
O00358,C0062,2023-06-30,Completed,Email
O00359,C0016,2023-02-07,Completed,Email
O00360,C0460,2024-02-11,Returned,Paid Search
O00361,C0310,2024-05-22,Completed,Paid Search
O00362,C0395,2023-07-10,Completed,Paid Search
O00363,C0238,2023-10-24,Completed,Direct
O00364,C0057,2023-02-08,Completed,Social Media
O00365,C0060,2023-01-10,Completed,Organic
O00366,C0342,2023-11-02,Completed,Email
O00367,C0211,2024-08-04,Completed,Paid Search
O00368,C0099,2024-09-09,Completed,Organic
O00369,C0244,2023-04-20,Completed,Paid Search
O00370,C0030,2023-12-10,Completed,Paid Search
O00371,C0292,2023-10-19,Returned,Email
O00372,C0133,2024-04-10,Completed,Organic
O00373,C0396,2024-10-18,Completed,Email
O00374,C0154,2024-07-10,Completed,Social Media
O00375,C0224,2024-06-20,Completed,Organic
O00376,C0006,2024-05-20,Completed,Direct
O00377,C0033,2023-05-18,Completed,Paid Search
O00378,C0194,2024-05-31,Completed,Paid Search
O00379,C0237,2024-04-24,Completed,Paid Search
O00380,C0301,2023-10-07,Completed,Email
O00381,C0146,2023-07-17,Completed,Paid Search
O00382,C0346,2023-04-26,Completed,Organic
O00383,C0430,2023-12-05,Completed,Organic
O00384,C0385,2023-06-16,Completed,Paid Search
O00385,C0020,2024-04-14,Completed,Email
O00386,C0238,2024-10-25,Returned,Paid Search
O00387,C0049,2023-09-21,Returned,Organic
O00388,C0119,2023-07-10,Returned,Organic
O00389,C0494,2023-01-15,Completed,Paid Search
O00390,C0068,2023-12-12,Completed,Direct
O00391,C0247,2023-10-30,Completed,Paid Search
O00392,C0310,2024-08-04,Completed,Direct
O00393,C0349,2024-11-21,Completed,Paid Search
O00394,C0284,2023-07-17,Returned,Organic
O00395,C0006,2023-06-29,Returned,Email
O00396,C0163,2024-09-17,Completed,Paid Search
O00397,C0258,2024-10-16,Completed,Social Media
O00398,C0041,2024-02-20,Completed,Direct
O00399,C0173,2024-03-13,Returned,Organic
O00400,C0017,2024-06-11,Returned,Organic
O00401,C0038,2023-12-02,Completed,Social Media
O00402,C0196,2023-03-30,Completed,Paid Search
O00403,C0064,2024-02-15,Returned,Organic
O00404,C0286,2024-11-16,Completed,Organic
O00405,C0344,2023-04-08,Completed,Organic
O00406,C0398,2023-07-09,Cancelled,Email
O00407,C0099,2023-05-24,Completed,Organic
O00408,C0082,2024-05-03,Completed,Paid Search
O00409,C0049,2023-11-28,Completed,Social Media
O00410,C0319,2023-09-12,Completed,Paid Search
O00411,C0351,2023-01-07,Returned,Organic
O00412,C0016,2023-09-25,Completed,Email
O00413,C0467,2024-01-28,Cancelled,Organic
O00414,C0025,2023-08-30,Completed,Email
O00415,C0271,2024-04-02,Completed,Email
O00416,C0353,2023-10-01,Completed,Paid Search
O00417,C0435,2023-12-04,Completed,Paid Search
O00418,C0355,2023-11-06,Completed,Paid Search
O00419,C0399,2024-08-19,Completed,Paid Search
O00420,C0168,2024-08-09,Completed,Email
O00421,C0407,2023-01-12,Completed,Email
O00422,C0038,2023-09-25,Completed,Paid Search
O00423,C0449,2024-10-31,Completed,Social Media
O00424,C0276,2024-01-04,Completed,Direct
O00425,C0408,2024-12-10,Completed,Direct
O00426,C0223,2023-08-30,Completed,Paid Search
O00427,C0322,2023-03-05,Completed,Paid Search
O00428,C0262,2024-11-14,Completed,Paid Search
O00429,C0362,2023-05-02,Completed,Direct
O00430,C0039,2024-04-21,Returned,Organic
O00431,C0029,2023-11-11,Completed,Social Media
O00432,C0123,2023-06-13,Completed,Paid Search
O00433,C0078,2024-02-20,Completed,Paid Search
O00434,C0435,2024-12-03,Completed,Paid Search
O00435,C0107,2024-05-29,Completed,Direct
O00436,C0488,2024-12-21,Completed,Organic
O00437,C0168,2023-11-15,Completed,Social Media
O00438,C0089,2024-12-07,Returned,Organic
O00439,C0392,2023-05-01,Completed,Organic
O00440,C0330,2024-10-16,Completed,Paid Search
O00441,C0247,2023-10-30,Completed,Paid Search
O00442,C0282,2024-01-12,Completed,Paid Search
O00443,C0357,2024-09-21,Completed,Paid Search
O00444,C0111,2023-08-15,Completed,Organic
O00445,C0498,2023-08-13,Completed,Paid Search
O00446,C0487,2023-05-17,Returned,Direct
O00447,C0326,2024-05-04,Completed,Direct
O00448,C0098,2023-06-06,Returned,Paid Search
O00449,C0340,2024-04-10,Completed,Social Media
O00450,C0033,2024-09-12,Completed,Direct
O00451,C0016,2024-01-18,Completed,Organic
O00452,C0129,2024-03-01,Returned,Email
O00453,C0228,2024-12-19,Completed,Direct
O00454,C0434,2024-07-16,Completed,Organic
O00455,C0360,2024-04-27,Completed,Organic
O00456,C0369,2024-07-04,Completed,Direct
O00457,C0210,2024-11-11,Completed,Paid Search
O00458,C0171,2023-08-12,Completed,Organic
O00459,C0182,2023-09-11,Completed,Paid Search
O00460,C0494,2024-11-27,Completed,Paid Search
O00461,C0020,2024-09-02,Completed,Social Media
O00462,C0433,2023-03-25,Completed,Social Media
O00463,C0291,2024-06-22,Completed,Direct
O00464,C0216,2024-04-02,Returned,Paid Search
O00465,C0359,2024-06-24,Completed,Paid Search
O00466,C0240,2024-12-21,Completed,Paid Search
O00467,C0435,2024-01-06,Completed,Paid Search
O00468,C0451,2023-03-21,Completed,Organic
O00469,C0208,2024-07-31,Completed,Direct
O00470,C0137,2023-04-25,Returned,Email
O00471,C0298,2023-03-05,Completed,Paid Search
O00472,C0457,2024-07-14,Completed,Social Media
O00473,C0102,2024-06-01,Completed,Organic
O00474,C0312,2023-07-27,Completed,Paid Search
O00475,C0317,2024-08-09,Completed,Social Media
O00476,C0363,2024-07-03,Cancelled,Paid Search
O00477,C0063,2023-06-03,Completed,Direct
O00478,C0355,2023-06-18,Completed,Social Media
O00479,C0455,2023-12-02,Completed,Paid Search
O00480,C0087,2024-06-16,Completed,Email
O00481,C0117,2024-03-28,Completed,Organic
O00482,C0486,2023-04-30,Completed,Paid Search
O00483,C0088,2024-11-27,Completed,Paid Search
O00484,C0427,2023-07-30,Completed,Paid Search
O00485,C0244,2024-08-20,Completed,Email
O00486,C0123,2024-05-15,Returned,Paid Search
O00487,C0435,2023-04-04,Completed,Email
O00488,C0219,2024-06-06,Completed,Social Media
O00489,C0256,2024-04-01,Completed,Paid Search
O00490,C0176,2023-02-26,Completed,Email
O00491,C0298,2024-04-09,Completed,Organic
O00492,C0080,2023-05-16,Completed,Organic
O00493,C0192,2024-06-09,Completed,Paid Search
O00494,C0485,2024-03-01,Completed,Paid Search
O00495,C0129,2024-04-12,Completed,Organic
O00496,C0329,2024-07-31,Completed,Social Media
O00497,C0162,2023-03-01,Returned,Paid Search
O00498,C0381,2024-07-26,Completed,Paid Search
O00499,C0062,2024-04-18,Completed,Direct
O00500,C0485,2024-11-19,Completed,Social Media
O00501,C0223,2023-11-12,Completed,Email
O00502,C0115,2023-01-23,Completed,Organic
O00503,C0034,2024-02-10,Returned,Social Media
O00504,C0083,2023-09-18,Returned,Email
O00505,C0259,2023-01-04,Completed,Social Media
O00506,C0168,2023-08-12,Returned,Social Media
O00507,C0415,2024-08-15,Cancelled,Paid Search
O00508,C0212,2023-03-16,Returned,Organic
O00509,C0124,2023-02-16,Returned,Paid Search
O00510,C0310,2024-03-09,Completed,Paid Search
O00511,C0351,2023-12-19,Completed,Email
O00512,C0081,2024-12-18,Completed,Organic
O00513,C0082,2023-03-07,Completed,Direct
O00514,C0018,2024-07-08,Cancelled,Direct
O00515,C0365,2023-03-03,Completed,Organic
O00516,C0333,2023-03-12,Completed,Paid Search
O00517,C0235,2024-04-28,Returned,Email
O00518,C0423,2023-02-02,Returned,Direct
O00519,C0401,2023-10-21,Cancelled,Paid Search
O00520,C0294,2024-02-23,Completed,Paid Search
O00521,C0434,2023-07-04,Completed,Paid Search
O00522,C0101,2023-05-19,Completed,Social Media
O00523,C0054,2024-10-18,Completed,Paid Search
O00524,C0133,2024-10-23,Completed,Social Media
O00525,C0027,2024-03-06,Completed,Organic
O00526,C0264,2024-01-19,Completed,Organic
O00527,C0468,2024-01-27,Completed,Paid Search
O00528,C0019,2024-04-04,Completed,Paid Search
O00529,C0059,2024-01-22,Completed,Paid Search
O00530,C0223,2024-01-20,Completed,Paid Search
O00531,C0466,2023-03-24,Completed,Paid Search
O00532,C0157,2024-11-30,Completed,Organic
O00533,C0253,2024-11-08,Completed,Paid Search
O00534,C0021,2024-07-06,Completed,Direct
O00535,C0072,2023-05-17,Completed,Paid Search
O00536,C0494,2024-10-31,Returned,Paid Search
O00537,C0483,2023-12-23,Completed,Social Media
O00538,C0004,2023-05-02,Completed,Direct
O00539,C0477,2023-07-02,Completed,Organic
O00540,C0319,2024-07-04,Returned,Social Media
O00541,C0434,2024-02-07,Completed,Social Media
O00542,C0224,2024-06-25,Completed,Social Media
O00543,C0257,2023-05-11,Cancelled,Organic
O00544,C0241,2023-08-17,Completed,Social Media
O00545,C0334,2023-01-04,Completed,Organic
O00546,C0067,2023-01-24,Completed,Social Media
O00547,C0016,2023-11-02,Completed,Social Media
O00548,C0153,2024-04-19,Completed,Organic
O00549,C0350,2024-11-20,Completed,Email
O00550,C0099,2024-07-11,Cancelled,Organic
O00551,C0336,2024-03-10,Cancelled,Email
O00552,C0485,2024-06-28,Completed,Paid Search
O00553,C0043,2024-01-24,Completed,Organic
O00554,C0336,2023-08-24,Completed,Organic
O00555,C0219,2023-09-11,Cancelled,Direct
O00556,C0434,2024-04-16,Cancelled,Organic
O00557,C0086,2023-12-21,Completed,Organic
O00558,C0345,2023-06-08,Returned,Paid Search
O00559,C0419,2023-10-10,Completed,Social Media
O00560,C0473,2023-07-13,Completed,Paid Search
O00561,C0341,2023-04-26,Completed,Organic
O00562,C0246,2023-02-02,Completed,Paid Search
O00563,C0310,2024-11-07,Completed,Organic
O00564,C0434,2024-03-05,Completed,Organic
O00565,C0288,2024-09-21,Completed,Paid Search
O00566,C0016,2023-01-17,Cancelled,Social Media
O00567,C0464,2023-09-04,Completed,Organic
O00568,C0344,2023-07-31,Completed,Paid Search
O00569,C0338,2023-03-10,Completed,Paid Search
O00570,C0105,2023-04-14,Completed,Direct
O00571,C0330,2024-08-31,Completed,Direct
O00572,C0194,2023-02-04,Completed,Email
O00573,C0327,2024-04-02,Completed,Organic
O00574,C0050,2024-09-04,Completed,Organic
O00575,C0330,2024-11-19,Completed,Paid Search
O00576,C0500,2024-12-21,Completed,Paid Search
O00577,C0023,2023-02-19,Completed,Paid Search
O00578,C0489,2023-09-08,Completed,Email
O00579,C0202,2023-02-15,Completed,Email
O00580,C0435,2024-02-16,Returned,Email
O00581,C0387,2024-03-25,Completed,Paid Search
O00582,C0286,2023-08-28,Completed,Social Media
O00583,C0366,2024-07-06,Completed,Paid Search
O00584,C0439,2023-08-11,Completed,Organic
O00585,C0201,2023-02-27,Completed,Social Media
O00586,C0163,2023-05-24,Returned,Organic
O00587,C0334,2024-05-30,Returned,Paid Search
O00588,C0403,2023-10-24,Cancelled,Paid Search
O00589,C0376,2023-08-28,Completed,Social Media
O00590,C0396,2024-08-12,Completed,Email
O00591,C0214,2023-11-23,Completed,Paid Search
O00592,C0408,2024-08-14,Completed,Email
O00593,C0058,2024-09-04,Completed,Paid Search
O00594,C0274,2024-11-19,Completed,Paid Search
O00595,C0004,2023-11-25,Cancelled,Social Media
O00596,C0162,2023-08-31,Completed,Social Media
O00597,C0180,2023-11-06,Completed,Direct
O00598,C0195,2023-05-27,Completed,Organic
O00599,C0346,2024-11-07,Completed,Social Media
O00600,C0191,2024-06-17,Completed,Social Media
O00601,C0222,2023-08-15,Completed,Direct
O00602,C0117,2024-02-28,Completed,Organic
O00603,C0182,2023-11-04,Completed,Email
O00604,C0111,2023-10-09,Returned,Social Media
O00605,C0034,2023-03-04,Returned,Paid Search
O00606,C0302,2024-07-24,Completed,Paid Search
O00607,C0334,2024-08-28,Completed,Paid Search
O00608,C0311,2023-06-29,Returned,Social Media
O00609,C0229,2024-10-03,Returned,Email
O00610,C0187,2024-11-26,Completed,Social Media
O00611,C0431,2024-03-13,Completed,Social Media
O00612,C0259,2024-07-23,Completed,Paid Search
O00613,C0237,2024-05-22,Returned,Organic
O00614,C0014,2023-02-18,Cancelled,Organic
O00615,C0169,2023-12-19,Completed,Paid Search
O00616,C0187,2024-10-20,Returned,Paid Search
O00617,C0197,2024-11-18,Completed,Organic
O00618,C0292,2024-01-26,Cancelled,Paid Search
O00619,C0266,2024-06-21,Completed,Paid Search
O00620,C0304,2023-11-23,Returned,Paid Search
O00621,C0377,2024-12-14,Completed,Paid Search
O00622,C0406,2024-03-02,Completed,Organic
O00623,C0356,2024-02-23,Completed,Direct
O00624,C0478,2023-06-02,Cancelled,Email
O00625,C0009,2023-11-04,Returned,Social Media
O00626,C0097,2024-01-21,Returned,Organic
O00627,C0005,2023-07-08,Cancelled,Email
O00628,C0324,2024-07-04,Completed,Email
O00629,C0450,2024-04-29,Completed,Email
O00630,C0120,2023-09-04,Completed,Organic
O00631,C0462,2023-08-19,Completed,Social Media
O00632,C0029,2023-11-04,Completed,Email
O00633,C0467,2024-12-25,Completed,Social Media
O00634,C0173,2023-05-28,Completed,Social Media
O00635,C0048,2024-04-19,Completed,Paid Search
O00636,C0240,2023-03-01,Completed,Paid Search
O00637,C0128,2024-07-29,Completed,Organic
O00638,C0142,2024-02-27,Cancelled,Social Media
O00639,C0153,2024-03-02,Completed,Organic
O00640,C0401,2024-07-24,Cancelled,Paid Search
O00641,C0270,2024-06-26,Completed,Paid Search
O00642,C0154,2023-05-18,Completed,Paid Search
O00643,C0306,2024-02-02,Completed,Organic
O00644,C0355,2023-09-06,Completed,Social Media
O00645,C0135,2023-09-19,Completed,Email
O00646,C0205,2023-07-28,Completed,Organic
O00647,C0059,2023-12-05,Completed,Organic
O00648,C0088,2024-10-24,Completed,Organic
O00649,C0340,2023-03-22,Completed,Email
O00650,C0088,2024-04-05,Completed,Paid Search
O00651,C0261,2024-01-15,Completed,Paid Search
O00652,C0353,2023-04-05,Completed,Organic
O00653,C0050,2024-07-02,Returned,Social Media
O00654,C0286,2023-07-15,Completed,Email
O00655,C0127,2023-02-22,Completed,Email
O00656,C0482,2023-10-02,Returned,Social Media
O00657,C0239,2024-01-22,Completed,Organic
O00658,C0402,2024-11-20,Completed,Organic
O00659,C0278,2024-09-11,Completed,Organic
O00660,C0021,2024-09-09,Completed,Paid Search
O00661,C0318,2023-02-10,Completed,Organic
O00662,C0476,2023-03-16,Returned,Paid Search
O00663,C0301,2023-07-12,Completed,Paid Search
O00664,C0409,2024-08-24,Completed,Direct
O00665,C0441,2024-11-18,Completed,Social Media
O00666,C0111,2024-07-26,Completed,Email
O00667,C0103,2023-08-11,Completed,Social Media
O00668,C0307,2024-05-05,Completed,Organic
O00669,C0204,2023-08-02,Completed,Social Media
O00670,C0420,2023-12-07,Completed,Paid Search
O00671,C0451,2023-11-07,Completed,Social Media
O00672,C0174,2023-01-16,Completed,Paid Search
O00673,C0116,2023-08-05,Returned,Direct
O00674,C0385,2023-07-14,Completed,Paid Search
O00675,C0136,2023-05-01,Completed,Paid Search
O00676,C0411,2024-05-05,Completed,Direct
O00677,C0209,2023-09-06,Completed,Organic
O00678,C0334,2024-12-13,Completed,Social Media
O00679,C0045,2024-09-10,Completed,Social Media
O00680,C0313,2024-12-21,Completed,Email
O00681,C0223,2023-07-29,Returned,Direct
O00682,C0295,2024-02-11,Completed,Direct
O00683,C0082,2023-09-03,Completed,Organic
O00684,C0365,2024-07-19,Returned,Email
O00685,C0431,2023-11-26,Cancelled,Social Media
O00686,C0106,2023-10-17,Returned,Social Media
O00687,C0045,2024-01-25,Completed,Organic
O00688,C0013,2024-04-22,Completed,Social Media
O00689,C0321,2024-06-30,Completed,Direct
O00690,C0304,2024-10-26,Completed,Direct
O00691,C0275,2024-01-03,Completed,Paid Search
O00692,C0112,2023-11-12,Completed,Organic
O00693,C0192,2023-09-25,Returned,Paid Search
O00694,C0299,2024-01-04,Completed,Email
O00695,C0246,2024-06-09,Returned,Social Media
O00696,C0494,2024-05-24,Completed,Paid Search
O00697,C0065,2024-04-22,Completed,Organic
O00698,C0346,2023-04-11,Completed,Paid Search
O00699,C0201,2024-04-25,Completed,Paid Search
O00700,C0210,2023-11-24,Completed,Direct
O00701,C0356,2023-07-28,Completed,Social Media
O00702,C0345,2024-01-15,Cancelled,Paid Search
O00703,C0496,2023-11-17,Completed,Paid Search
O00704,C0061,2024-02-28,Completed,Organic
O00705,C0049,2023-02-16,Completed,Direct
O00706,C0358,2024-07-30,Completed,Paid Search
O00707,C0291,2023-08-15,Completed,Paid Search
O00708,C0136,2023-05-30,Completed,Paid Search
O00709,C0038,2023-01-17,Completed,Social Media
O00710,C0041,2023-09-25,Completed,Social Media
O00711,C0448,2024-07-20,Completed,Social Media
O00712,C0094,2024-08-21,Completed,Paid Search
O00713,C0161,2024-08-16,Completed,Paid Search
O00714,C0110,2024-03-03,Completed,Organic
O00715,C0175,2023-10-30,Completed,Social Media
O00716,C0032,2023-06-06,Completed,Organic
O00717,C0259,2023-07-20,Completed,Social Media
O00718,C0032,2023-12-04,Returned,Email
O00719,C0398,2023-08-24,Completed,Email
O00720,C0114,2024-01-24,Cancelled,Paid Search
O00721,C0270,2024-08-06,Cancelled,Paid Search
O00722,C0440,2023-09-09,Completed,Organic
O00723,C0327,2024-05-26,Completed,Social Media
O00724,C0266,2024-07-17,Completed,Email
O00725,C0162,2024-11-01,Completed,Organic
O00726,C0165,2024-12-02,Completed,Paid Search
O00727,C0335,2023-12-12,Completed,Email
O00728,C0497,2023-09-21,Completed,Email
O00729,C0332,2024-05-15,Returned,Organic
O00730,C0283,2024-10-19,Completed,Social Media
O00731,C0362,2024-05-17,Completed,Organic
O00732,C0230,2024-04-16,Completed,Organic
O00733,C0029,2023-06-22,Completed,Direct
O00734,C0284,2023-12-27,Completed,Email
O00735,C0479,2023-06-23,Returned,Email
O00736,C0085,2023-05-24,Completed,Organic
O00737,C0344,2024-07-13,Completed,Email
O00738,C0099,2024-05-15,Completed,Paid Search
O00739,C0267,2023-07-08,Returned,Paid Search
O00740,C0045,2024-07-09,Completed,Paid Search
O00741,C0222,2024-10-19,Completed,Organic
O00742,C0373,2023-03-02,Completed,Email
O00743,C0172,2024-06-20,Completed,Social Media
O00744,C0333,2023-02-04,Completed,Organic
O00745,C0395,2023-03-18,Completed,Organic
O00746,C0462,2024-11-15,Completed,Organic
O00747,C0115,2023-02-19,Completed,Organic
O00748,C0197,2023-01-07,Cancelled,Social Media
O00749,C0073,2024-02-27,Completed,Email
O00750,C0496,2023-05-21,Completed,Organic
O00751,C0462,2024-10-07,Completed,Organic
O00752,C0270,2023-08-25,Completed,Social Media
O00753,C0422,2023-03-11,Returned,Email
O00754,C0260,2024-12-25,Completed,Paid Search
O00755,C0312,2023-06-04,Completed,Paid Search
O00756,C0042,2023-01-10,Completed,Social Media
O00757,C0373,2023-08-12,Completed,Paid Search
O00758,C0061,2024-06-01,Completed,Organic
O00759,C0413,2024-04-11,Completed,Social Media
O00760,C0387,2024-01-18,Completed,Social Media
O00761,C0353,2023-03-03,Cancelled,Social Media
O00762,C0018,2024-09-24,Completed,Social Media
O00763,C0150,2024-10-15,Completed,Social Media
O00764,C0131,2024-11-13,Returned,Organic
O00765,C0177,2024-09-23,Completed,Paid Search
O00766,C0041,2024-05-09,Completed,Organic
O00767,C0468,2024-11-06,Completed,Organic
O00768,C0280,2024-05-14,Completed,Social Media
O00769,C0152,2023-01-17,Completed,Email
O00770,C0196,2023-01-07,Completed,Direct
O00771,C0221,2024-06-28,Returned,Social Media
O00772,C0301,2024-07-18,Completed,Organic
O00773,C0257,2024-02-26,Completed,Organic
O00774,C0459,2023-01-13,Completed,Email
O00775,C0246,2023-01-18,Completed,Social Media
O00776,C0496,2024-06-26,Completed,Social Media
O00777,C0426,2023-10-09,Completed,Email
O00778,C0101,2024-07-02,Returned,Social Media
O00779,C0464,2023-10-21,Completed,Email
O00780,C0057,2023-01-18,Completed,Organic
O00781,C0408,2024-05-29,Completed,Social Media
O00782,C0187,2024-12-15,Completed,Email
O00783,C0438,2024-11-21,Completed,Paid Search
O00784,C0434,2024-03-16,Completed,Social Media
O00785,C0401,2023-07-03,Completed,Paid Search
O00786,C0392,2023-04-20,Completed,Direct
O00787,C0151,2023-04-09,Completed,Organic
O00788,C0038,2024-06-20,Completed,Social Media
O00789,C0201,2023-06-02,Completed,Organic
O00790,C0084,2023-09-04,Returned,Social Media
O00791,C0346,2023-07-16,Completed,Organic
O00792,C0171,2024-09-26,Completed,Organic
O00793,C0488,2024-06-23,Completed,Paid Search
O00794,C0320,2023-09-16,Completed,Direct
O00795,C0411,2023-12-29,Completed,Organic
O00796,C0064,2023-10-01,Completed,Organic
O00797,C0431,2024-02-11,Completed,Email
O00798,C0460,2023-03-22,Cancelled,Paid Search
O00799,C0240,2024-01-18,Completed,Direct
O00800,C0303,2024-02-20,Completed,Organic
O00801,C0377,2024-04-15,Completed,Social Media
O00802,C0085,2024-08-01,Returned,Organic
O00803,C0251,2023-09-07,Completed,Organic
O00804,C0197,2024-12-14,Completed,Social Media
O00805,C0070,2023-08-20,Completed,Social Media
O00806,C0180,2023-11-04,Completed,Email
O00807,C0032,2024-12-01,Completed,Paid Search
O00808,C0014,2023-03-24,Cancelled,Paid Search
O00809,C0065,2024-10-31,Completed,Paid Search
O00810,C0482,2024-10-27,Cancelled,Direct
O00811,C0277,2023-02-02,Completed,Paid Search
O00812,C0483,2023-04-06,Completed,Paid Search
O00813,C0212,2024-02-20,Completed,Paid Search
O00814,C0154,2024-01-24,Completed,Social Media
O00815,C0252,2024-01-22,Returned,Paid Search
O00816,C0216,2024-07-19,Cancelled,Direct
O00817,C0049,2024-05-02,Returned,Paid Search
O00818,C0320,2023-02-27,Completed,Email
O00819,C0105,2024-10-14,Completed,Organic
O00820,C0311,2023-01-10,Completed,Social Media
O00821,C0326,2024-12-20,Cancelled,Direct
O00822,C0073,2023-06-25,Completed,Organic
O00823,C0029,2023-03-26,Completed,Direct
O00824,C0386,2024-05-26,Completed,Paid Search
O00825,C0226,2024-03-20,Completed,Direct
O00826,C0028,2024-10-22,Cancelled,Social Media
O00827,C0497,2023-12-06,Completed,Paid Search
O00828,C0028,2024-08-02,Completed,Organic
O00829,C0346,2023-04-08,Completed,Paid Search
O00830,C0493,2024-06-24,Completed,Organic
O00831,C0118,2023-02-13,Completed,Organic
O00832,C0068,2023-08-24,Completed,Organic
O00833,C0058,2023-08-05,Returned,Paid Search
O00834,C0150,2024-12-09,Cancelled,Email
O00835,C0047,2024-08-03,Completed,Organic
O00836,C0345,2024-05-01,Completed,Organic
O00837,C0030,2023-10-05,Cancelled,Social Media
O00838,C0254,2023-02-17,Completed,Organic
O00839,C0498,2023-03-18,Completed,Organic
O00840,C0407,2024-12-01,Completed,Organic
O00841,C0308,2023-10-15,Completed,Direct
O00842,C0152,2024-07-10,Completed,Email
O00843,C0313,2024-07-31,Cancelled,Paid Search
O00844,C0263,2024-11-04,Completed,Social Media
O00845,C0210,2023-02-03,Completed,Paid Search
O00846,C0062,2023-07-03,Completed,Social Media
O00847,C0443,2023-11-19,Completed,Social Media
O00848,C0222,2023-01-17,Completed,Social Media
O00849,C0096,2023-08-01,Completed,Paid Search
O00850,C0180,2024-08-24,Completed,Organic
O00851,C0206,2023-05-28,Completed,Paid Search
O00852,C0414,2024-12-30,Returned,Email
O00853,C0363,2024-02-12,Returned,Social Media
O00854,C0380,2023-03-20,Completed,Email
O00855,C0006,2023-11-03,Completed,Direct
O00856,C0206,2023-06-16,Completed,Organic
O00857,C0238,2024-07-31,Completed,Social Media
O00858,C0010,2023-09-04,Completed,Social Media
O00859,C0129,2024-08-03,Completed,Direct
O00860,C0375,2024-02-03,Completed,Direct
O00861,C0066,2024-11-24,Returned,Social Media
O00862,C0267,2024-07-07,Returned,Organic
O00863,C0104,2023-12-06,Returned,Email
O00864,C0006,2024-01-29,Completed,Organic
O00865,C0119,2023-05-24,Completed,Email
O00866,C0488,2024-12-06,Completed,Direct
O00867,C0399,2023-03-22,Completed,Paid Search
O00868,C0480,2024-05-27,Completed,Social Media
O00869,C0240,2023-12-21,Completed,Paid Search
O00870,C0052,2023-02-24,Completed,Paid Search
O00871,C0276,2023-04-11,Returned,Paid Search
O00872,C0224,2024-03-23,Completed,Email
O00873,C0423,2023-08-26,Completed,Direct
O00874,C0046,2023-03-19,Completed,Direct
O00875,C0240,2023-12-15,Completed,Organic
O00876,C0072,2024-09-11,Completed,Email
O00877,C0162,2024-09-20,Completed,Social Media
O00878,C0366,2024-09-01,Completed,Paid Search
O00879,C0235,2024-02-11,Completed,Organic
O00880,C0185,2023-12-01,Completed,Paid Search
O00881,C0195,2023-01-31,Completed,Direct
O00882,C0226,2024-10-11,Completed,Social Media
O00883,C0388,2023-10-07,Returned,Social Media
O00884,C0446,2024-04-06,Completed,Paid Search
O00885,C0478,2024-05-17,Completed,Social Media
O00886,C0389,2023-08-22,Completed,Organic
O00887,C0156,2023-12-31,Cancelled,Paid Search
O00888,C0343,2024-07-20,Returned,Social Media
O00889,C0215,2024-01-20,Completed,Organic
O00890,C0126,2024-03-18,Completed,Email
O00891,C0421,2023-07-10,Returned,Organic
O00892,C0019,2024-11-27,Completed,Social Media
O00893,C0452,2024-08-22,Completed,Paid Search
O00894,C0228,2024-11-07,Completed,Social Media
O00895,C0319,2024-01-25,Returned,Organic
O00896,C0331,2023-03-29,Returned,Organic
O00897,C0449,2024-09-25,Completed,Direct
O00898,C0319,2023-10-30,Completed,Paid Search
O00899,C0308,2023-09-10,Completed,Email
O00900,C0031,2024-12-31,Completed,Direct
O00901,C0259,2023-03-17,Cancelled,Organic
O00902,C0072,2023-03-26,Completed,Paid Search
O00903,C0366,2023-10-02,Completed,Social Media
O00904,C0255,2023-06-07,Completed,Direct
O00905,C0340,2024-01-25,Completed,Direct
O00906,C0021,2024-12-29,Completed,Paid Search
O00907,C0040,2024-10-11,Completed,Email
O00908,C0355,2023-06-07,Completed,Organic
O00909,C0033,2024-02-03,Completed,Direct
O00910,C0033,2023-11-21,Completed,Direct
O00911,C0006,2024-01-05,Completed,Organic
O00912,C0478,2023-04-20,Completed,Paid Search
O00913,C0366,2023-04-04,Cancelled,Organic
O00914,C0174,2023-01-06,Returned,Paid Search
O00915,C0147,2023-11-12,Cancelled,Email
O00916,C0172,2024-03-31,Completed,Paid Search
O00917,C0382,2024-01-04,Cancelled,Organic
O00918,C0331,2023-10-04,Completed,Paid Search
O00919,C0091,2023-04-15,Completed,Direct
O00920,C0084,2023-05-16,Completed,Social Media
O00921,C0046,2023-03-31,Completed,Paid Search
O00922,C0331,2023-07-11,Completed,Organic
O00923,C0377,2024-03-17,Completed,Direct
O00924,C0132,2024-04-04,Completed,Email
O00925,C0011,2024-07-24,Completed,Paid Search
O00926,C0039,2024-07-22,Completed,Organic
O00927,C0484,2024-06-08,Completed,Organic
O00928,C0147,2024-02-22,Completed,Organic
O00929,C0380,2023-04-16,Returned,Social Media
O00930,C0313,2023-01-27,Returned,Direct
O00931,C0188,2023-04-02,Completed,Paid Search
O00932,C0100,2023-12-29,Completed,Email
O00933,C0058,2024-07-21,Completed,Paid Search
O00934,C0308,2023-04-06,Returned,Social Media
O00935,C0382,2024-09-03,Completed,Social Media
O00936,C0322,2024-09-04,Completed,Organic
O00937,C0264,2023-11-29,Completed,Paid Search
O00938,C0021,2024-01-30,Completed,Social Media
O00939,C0484,2023-01-13,Completed,Organic
O00940,C0397,2023-10-26,Returned,Paid Search
O00941,C0146,2024-02-28,Completed,Paid Search
O00942,C0491,2024-02-02,Completed,Direct
O00943,C0301,2023-03-28,Returned,Paid Search
O00944,C0292,2024-07-26,Returned,Email
O00945,C0371,2023-09-06,Completed,Paid Search
O00946,C0405,2024-08-08,Completed,Email
O00947,C0329,2024-06-17,Completed,Social Media
O00948,C0061,2023-06-23,Cancelled,Email
O00949,C0168,2024-12-02,Completed,Paid Search
O00950,C0462,2024-01-25,Cancelled,Social Media
O00951,C0110,2023-06-23,Completed,Social Media
O00952,C0182,2023-05-23,Completed,Paid Search
O00953,C0212,2023-10-03,Completed,Organic
O00954,C0216,2023-11-05,Completed,Organic
O00955,C0307,2023-10-02,Completed,Organic
O00956,C0471,2024-05-19,Completed,Email
O00957,C0118,2023-05-30,Completed,Organic
O00958,C0058,2023-03-06,Cancelled,Organic
O00959,C0098,2023-06-21,Completed,Social Media
O00960,C0443,2024-03-21,Completed,Paid Search
O00961,C0323,2023-10-10,Completed,Paid Search
O00962,C0143,2024-03-07,Completed,Organic
O00963,C0408,2023-11-03,Completed,Direct
O00964,C0431,2024-05-10,Completed,Email
O00965,C0424,2023-03-20,Cancelled,Email
O00966,C0459,2024-01-05,Completed,Paid Search
O00967,C0125,2023-09-15,Completed,Email
O00968,C0373,2023-09-10,Completed,Organic
O00969,C0227,2024-10-02,Completed,Organic
O00970,C0422,2024-05-22,Completed,Organic
O00971,C0361,2024-08-31,Returned,Social Media
O00972,C0382,2024-09-23,Returned,Paid Search
O00973,C0329,2023-07-20,Completed,Paid Search
O00974,C0086,2024-04-13,Completed,Organic
O00975,C0275,2023-04-20,Completed,Paid Search
O00976,C0493,2023-05-19,Completed,Social Media
O00977,C0469,2023-11-08,Completed,Paid Search
O00978,C0021,2023-01-07,Completed,Social Media
O00979,C0080,2024-02-10,Completed,Organic
O00980,C0063,2023-12-07,Completed,Email
O00981,C0360,2024-09-27,Completed,Social Media
O00982,C0408,2024-01-25,Completed,Organic
O00983,C0104,2023-12-04,Completed,Organic
O00984,C0252,2024-03-26,Completed,Social Media
O00985,C0421,2023-12-09,Returned,Email
O00986,C0363,2024-03-16,Completed,Paid Search
O00987,C0272,2024-10-28,Completed,Paid Search
O00988,C0296,2024-08-31,Completed,Email
O00989,C0254,2023-05-20,Returned,Social Media
O00990,C0148,2023-11-04,Completed,Paid Search
O00991,C0286,2023-11-25,Completed,Paid Search
O00992,C0343,2024-09-09,Completed,Organic
O00993,C0435,2024-12-12,Completed,Social Media
O00994,C0319,2023-07-25,Cancelled,Paid Search
O00995,C0375,2024-05-05,Completed,Direct
O00996,C0078,2023-11-18,Returned,Paid Search
O00997,C0228,2023-07-01,Cancelled,Paid Search
O00998,C0006,2024-02-12,Returned,Social Media
O00999,C0123,2023-11-23,Completed,Direct
O01000,C0360,2023-10-26,Completed,Email
O01001,C0496,2024-12-12,Completed,Paid Search
O01002,C0046,2024-10-10,Completed,Social Media
O01003,C0200,2024-05-17,Completed,Social Media
O01004,C0398,2024-08-12,Completed,Paid Search
O01005,C0100,2023-09-06,Completed,Organic
O01006,C0281,2023-11-30,Completed,Paid Search
O01007,C0363,2024-01-21,Returned,Organic
O01008,C0309,2023-10-15,Completed,Direct
O01009,C0091,2024-02-07,Returned,Paid Search
O01010,C0175,2024-01-09,Completed,Direct
O01011,C0388,2023-04-27,Returned,Paid Search
O01012,C0280,2024-07-31,Completed,Social Media
O01013,C0004,2023-07-24,Completed,Paid Search
O01014,C0375,2024-08-29,Returned,Organic
O01015,C0018,2024-07-12,Completed,Paid Search
O01016,C0370,2023-07-04,Returned,Organic
O01017,C0099,2024-11-29,Completed,Social Media
O01018,C0480,2024-07-17,Completed,Paid Search
O01019,C0180,2023-01-28,Completed,Email
O01020,C0163,2024-04-17,Completed,Organic
O01021,C0072,2024-12-26,Completed,Organic
O01022,C0152,2023-08-03,Completed,Paid Search
O01023,C0437,2024-03-24,Completed,Direct
O01024,C0498,2023-10-26,Completed,Social Media
O01025,C0181,2024-12-10,Cancelled,Paid Search
O01026,C0222,2023-03-12,Cancelled,Paid Search
O01027,C0357,2024-02-23,Completed,Organic
O01028,C0442,2024-11-20,Completed,Direct
O01029,C0298,2024-05-26,Completed,Social Media
O01030,C0193,2023-05-23,Completed,Paid Search
O01031,C0205,2024-10-10,Returned,Social Media
O01032,C0346,2023-11-07,Cancelled,Organic
O01033,C0003,2023-09-05,Completed,Direct
O01034,C0311,2023-09-16,Completed,Organic
O01035,C0175,2024-11-05,Completed,Social Media
O01036,C0394,2023-06-07,Cancelled,Organic
O01037,C0043,2024-03-09,Completed,Social Media
O01038,C0295,2024-01-22,Completed,Email
O01039,C0238,2023-03-17,Completed,Social Media
O01040,C0321,2024-04-04,Completed,Social Media
O01041,C0031,2024-09-04,Completed,Email
O01042,C0292,2024-05-05,Cancelled,Organic
O01043,C0284,2024-08-19,Completed,Paid Search
O01044,C0284,2024-02-15,Completed,Organic
O01045,C0302,2024-07-01,Completed,Direct
O01046,C0338,2024-06-02,Completed,Paid Search
O01047,C0401,2024-12-09,Completed,Social Media
O01048,C0133,2024-03-04,Completed,Social Media
O01049,C0412,2024-07-10,Completed,Organic
O01050,C0247,2023-02-07,Completed,Organic
O01051,C0037,2024-01-04,Completed,Paid Search
O01052,C0028,2024-12-19,Completed,Paid Search
O01053,C0166,2024-07-03,Returned,Organic
O01054,C0388,2024-08-31,Completed,Organic
O01055,C0351,2024-10-15,Completed,Email
O01056,C0391,2023-03-29,Completed,Direct
O01057,C0258,2023-04-22,Completed,Paid Search
O01058,C0217,2023-09-12,Completed,Paid Search
O01059,C0071,2024-11-04,Completed,Organic
O01060,C0163,2024-11-11,Completed,Social Media
O01061,C0213,2023-12-30,Completed,Email
O01062,C0041,2023-06-20,Completed,Organic
O01063,C0107,2024-10-24,Returned,Organic
O01064,C0300,2024-09-19,Cancelled,Email
O01065,C0364,2023-02-15,Completed,Social Media
O01066,C0499,2024-07-30,Completed,Organic
O01067,C0466,2024-10-22,Returned,Social Media
O01068,C0321,2024-11-24,Cancelled,Paid Search
O01069,C0208,2024-10-24,Completed,Paid Search
O01070,C0319,2024-02-14,Completed,Email
O01071,C0388,2023-12-06,Completed,Email
O01072,C0057,2024-03-16,Completed,Paid Search
O01073,C0203,2023-04-19,Completed,Direct
O01074,C0420,2023-01-11,Completed,Paid Search
O01075,C0189,2023-04-11,Completed,Email
O01076,C0288,2023-09-22,Completed,Paid Search
O01077,C0295,2023-08-16,Completed,Email
O01078,C0090,2024-06-06,Completed,Direct
O01079,C0178,2024-06-15,Completed,Organic
O01080,C0167,2024-07-25,Completed,Direct
O01081,C0014,2024-08-17,Completed,Email
O01082,C0013,2024-12-05,Cancelled,Email
O01083,C0416,2024-08-12,Completed,Organic
O01084,C0135,2023-08-15,Completed,Email
O01085,C0258,2024-04-01,Completed,Email
O01086,C0148,2024-01-19,Completed,Paid Search
O01087,C0471,2024-02-05,Returned,Direct
O01088,C0129,2024-04-19,Completed,Organic
O01089,C0211,2024-11-26,Completed,Organic
O01090,C0435,2024-08-25,Completed,Paid Search
O01091,C0422,2024-12-08,Completed,Social Media
O01092,C0091,2024-05-27,Returned,Social Media
O01093,C0400,2023-06-04,Returned,Organic
O01094,C0226,2023-12-20,Completed,Direct
O01095,C0238,2023-01-26,Completed,Organic
O01096,C0064,2024-05-09,Returned,Organic
O01097,C0038,2023-04-18,Cancelled,Organic
O01098,C0361,2023-10-30,Completed,Social Media
O01099,C0245,2024-03-01,Completed,Direct
O01100,C0214,2023-03-29,Completed,Social Media
O01101,C0361,2023-04-29,Returned,Email
O01102,C0378,2023-05-26,Completed,Organic
O01103,C0078,2023-12-23,Completed,Paid Search
O01104,C0306,2023-11-16,Completed,Paid Search
O01105,C0065,2023-12-18,Completed,Paid Search
O01106,C0372,2024-04-11,Completed,Organic
O01107,C0329,2023-07-31,Completed,Social Media
O01108,C0478,2024-06-17,Completed,Paid Search
O01109,C0032,2024-05-09,Completed,Email
O01110,C0027,2023-12-23,Completed,Paid Search
O01111,C0141,2024-05-02,Completed,Organic
O01112,C0130,2023-04-10,Completed,Social Media
O01113,C0123,2024-03-24,Returned,Organic
O01114,C0455,2024-12-14,Completed,Email
O01115,C0124,2024-04-08,Completed,Social Media
O01116,C0134,2023-11-23,Completed,Organic
O01117,C0375,2023-03-10,Completed,Direct
O01118,C0222,2023-11-04,Completed,Paid Search
O01119,C0383,2023-02-15,Completed,Organic
O01120,C0031,2024-12-28,Completed,Social Media
O01121,C0240,2023-04-28,Completed,Paid Search
O01122,C0017,2023-01-24,Completed,Email
O01123,C0030,2023-12-18,Completed,Email
O01124,C0455,2024-10-25,Completed,Direct
O01125,C0067,2023-04-22,Completed,Paid Search
O01126,C0265,2024-11-24,Completed,Paid Search
O01127,C0204,2023-06-18,Completed,Email
O01128,C0172,2023-09-07,Returned,Organic
O01129,C0450,2024-06-12,Returned,Paid Search
O01130,C0011,2023-06-28,Completed,Paid Search
O01131,C0333,2024-07-19,Completed,Organic
O01132,C0482,2023-06-13,Completed,Paid Search
O01133,C0284,2023-12-05,Completed,Email
O01134,C0468,2024-07-27,Completed,Email
O01135,C0025,2024-03-12,Returned,Organic
O01136,C0207,2024-04-18,Completed,Organic
O01137,C0129,2023-08-26,Returned,Paid Search
O01138,C0362,2024-02-19,Completed,Email
O01139,C0492,2024-10-06,Completed,Organic
O01140,C0127,2023-07-08,Completed,Social Media
O01141,C0328,2023-07-10,Completed,Organic
O01142,C0098,2024-10-17,Completed,Social Media
O01143,C0286,2024-11-04,Completed,Paid Search
O01144,C0229,2024-03-18,Completed,Email
O01145,C0487,2024-02-10,Cancelled,Organic
O01146,C0304,2023-01-30,Completed,Social Media
O01147,C0172,2024-09-20,Cancelled,Organic
O01148,C0055,2023-07-22,Cancelled,Social Media
O01149,C0073,2024-04-05,Completed,Email
O01150,C0110,2024-08-29,Completed,Organic
O01151,C0124,2024-03-15,Completed,Email
O01152,C0426,2024-02-03,Returned,Social Media
O01153,C0284,2023-01-05,Completed,Organic
O01154,C0260,2024-12-22,Completed,Paid Search
O01155,C0056,2023-08-08,Completed,Organic
O01156,C0430,2023-07-30,Completed,Social Media
O01157,C0358,2023-10-13,Completed,Email
O01158,C0032,2024-12-21,Completed,Organic
O01159,C0352,2023-03-06,Completed,Paid Search
O01160,C0273,2024-08-14,Returned,Email
O01161,C0039,2023-04-15,Completed,Direct
O01162,C0226,2024-07-03,Cancelled,Paid Search
O01163,C0239,2023-07-11,Completed,Direct
O01164,C0080,2024-01-10,Returned,Paid Search
O01165,C0473,2023-11-30,Completed,Paid Search
O01166,C0425,2023-07-21,Completed,Email
O01167,C0335,2024-04-13,Completed,Paid Search
O01168,C0228,2023-04-27,Returned,Paid Search
O01169,C0205,2023-09-26,Completed,Paid Search
O01170,C0327,2024-11-17,Returned,Email
O01171,C0275,2024-05-16,Cancelled,Email
O01172,C0030,2024-06-24,Completed,Paid Search
O01173,C0255,2024-10-16,Completed,Paid Search
O01174,C0402,2023-11-17,Completed,Paid Search
O01175,C0226,2024-09-03,Completed,Social Media
O01176,C0025,2024-02-02,Returned,Organic
O01177,C0388,2024-09-17,Completed,Email
O01178,C0099,2024-02-06,Completed,Paid Search
O01179,C0129,2024-08-24,Cancelled,Paid Search
O01180,C0080,2023-04-27,Completed,Organic
O01181,C0164,2023-12-23,Returned,Organic
O01182,C0374,2023-12-27,Completed,Direct
O01183,C0259,2024-04-13,Completed,Paid Search
O01184,C0100,2024-09-24,Completed,Organic
O01185,C0438,2023-06-26,Completed,Paid Search
O01186,C0440,2024-11-20,Completed,Paid Search
O01187,C0435,2024-12-23,Completed,Organic
O01188,C0118,2023-11-01,Completed,Paid Search
O01189,C0223,2024-09-21,Completed,Paid Search
O01190,C0493,2024-08-27,Completed,Social Media
O01191,C0381,2023-03-28,Completed,Paid Search
O01192,C0015,2024-11-19,Completed,Paid Search
O01193,C0031,2023-05-18,Completed,Direct
O01194,C0229,2023-11-17,Completed,Paid Search
O01195,C0456,2023-05-01,Completed,Paid Search
O01196,C0269,2023-09-02,Completed,Organic
O01197,C0247,2023-11-09,Completed,Paid Search
O01198,C0049,2023-04-30,Completed,Email
O01199,C0329,2023-07-07,Completed,Organic
O01200,C0410,2024-01-18,Returned,Social Media
O01201,C0187,2024-12-11,Completed,Organic
O01202,C0382,2023-05-25,Completed,Paid Search
O01203,C0483,2024-06-07,Completed,Email
O01204,C0100,2024-02-02,Completed,Paid Search
O01205,C0260,2024-03-04,Cancelled,Social Media
O01206,C0144,2024-09-02,Completed,Organic
O01207,C0393,2023-05-22,Completed,Social Media
O01208,C0291,2024-08-11,Completed,Organic
O01209,C0318,2024-01-28,Completed,Email
O01210,C0397,2024-03-09,Completed,Organic
O01211,C0195,2023-07-10,Completed,Email
O01212,C0458,2024-05-13,Completed,Paid Search
O01213,C0266,2024-10-12,Completed,Social Media
O01214,C0078,2024-07-04,Completed,Paid Search
O01215,C0346,2024-12-11,Completed,Direct
O01216,C0393,2024-10-22,Completed,Organic
O01217,C0157,2023-06-27,Completed,Organic
O01218,C0429,2024-07-22,Cancelled,Paid Search
O01219,C0455,2023-06-20,Completed,Organic
O01220,C0137,2024-05-16,Returned,Organic
O01221,C0493,2023-10-23,Completed,Direct
O01222,C0067,2023-05-24,Completed,Direct
O01223,C0099,2023-07-11,Completed,Paid Search
O01224,C0090,2023-11-19,Completed,Direct
O01225,C0448,2024-04-06,Completed,Paid Search
O01226,C0328,2024-09-26,Completed,Paid Search
O01227,C0073,2023-02-24,Completed,Social Media
O01228,C0217,2024-01-03,Returned,Social Media
O01229,C0308,2023-01-10,Completed,Direct
O01230,C0040,2024-05-11,Completed,Paid Search
O01231,C0440,2023-05-20,Completed,Social Media
O01232,C0401,2023-07-19,Completed,Organic
O01233,C0252,2024-01-29,Completed,Organic
O01234,C0484,2024-07-29,Completed,Organic
O01235,C0207,2024-06-01,Returned,Direct
O01236,C0493,2024-10-30,Completed,Email
O01237,C0334,2024-05-21,Completed,Email
O01238,C0318,2024-02-23,Completed,Paid Search
O01239,C0080,2024-12-02,Cancelled,Paid Search
O01240,C0440,2024-05-18,Completed,Organic
O01241,C0210,2024-03-01,Completed,Paid Search
O01242,C0079,2024-12-28,Completed,Paid Search
O01243,C0007,2024-03-30,Completed,Email
O01244,C0284,2024-05-15,Completed,Paid Search
O01245,C0263,2023-06-21,Completed,Organic
O01246,C0357,2023-03-26,Completed,Organic
O01247,C0444,2024-08-01,Completed,Organic
O01248,C0038,2023-02-01,Completed,Paid Search
O01249,C0362,2023-08-14,Completed,Direct
O01250,C0091,2023-10-27,Completed,Social Media
O01251,C0430,2023-02-03,Completed,Email
O01252,C0409,2023-10-09,Completed,Paid Search
O01253,C0270,2023-08-19,Completed,Paid Search
O01254,C0353,2024-07-04,Completed,Organic
O01255,C0156,2023-10-23,Returned,Email
O01256,C0233,2023-06-22,Returned,Email
O01257,C0410,2024-04-13,Completed,Organic
O01258,C0226,2024-08-02,Completed,Paid Search
O01259,C0176,2024-05-22,Completed,Paid Search
O01260,C0245,2024-07-16,Completed,Social Media
O01261,C0414,2024-06-07,Completed,Direct
O01262,C0167,2023-04-26,Completed,Social Media
O01263,C0084,2024-08-09,Completed,Paid Search
O01264,C0354,2023-04-27,Completed,Organic
O01265,C0413,2023-10-02,Completed,Organic
O01266,C0047,2024-07-10,Completed,Organic
O01267,C0118,2024-01-11,Completed,Organic
O01268,C0068,2024-07-09,Completed,Social Media
O01269,C0172,2023-02-12,Returned,Social Media
O01270,C0222,2024-03-27,Cancelled,Organic
O01271,C0371,2024-07-13,Completed,Email
O01272,C0327,2023-08-12,Completed,Organic
O01273,C0312,2024-03-11,Completed,Paid Search
O01274,C0173,2023-04-15,Completed,Organic
O01275,C0422,2024-10-31,Completed,Paid Search
O01276,C0233,2023-09-11,Completed,Paid Search
O01277,C0491,2023-11-01,Completed,Paid Search
O01278,C0318,2023-02-03,Completed,Paid Search
O01279,C0060,2024-04-05,Completed,Direct
O01280,C0338,2023-09-27,Completed,Organic
O01281,C0162,2023-12-23,Completed,Organic
O01282,C0343,2023-03-31,Completed,Organic
O01283,C0032,2024-03-25,Cancelled,Social Media
O01284,C0085,2023-05-01,Completed,Organic
O01285,C0428,2023-08-31,Completed,Email
O01286,C0111,2023-08-03,Returned,Paid Search
O01287,C0418,2024-08-25,Cancelled,Paid Search
O01288,C0139,2024-12-06,Completed,Social Media
O01289,C0321,2023-12-26,Returned,Organic
O01290,C0346,2024-12-28,Completed,Organic
O01291,C0255,2024-09-16,Completed,Paid Search
O01292,C0152,2024-10-09,Completed,Social Media
O01293,C0103,2024-03-14,Completed,Organic
O01294,C0017,2023-06-19,Completed,Organic
O01295,C0150,2024-09-22,Completed,Direct
O01296,C0328,2023-05-23,Completed,Organic
O01297,C0469,2023-07-31,Completed,Email
O01298,C0435,2023-07-31,Completed,Email
O01299,C0378,2023-03-02,Completed,Paid Search
O01300,C0390,2024-08-06,Completed,Organic
O01301,C0333,2023-12-26,Completed,Organic
O01302,C0129,2024-06-29,Completed,Social Media
O01303,C0455,2023-10-15,Returned,Social Media
O01304,C0335,2024-09-03,Completed,Email
O01305,C0284,2024-07-05,Completed,Direct
O01306,C0053,2023-06-22,Completed,Social Media
O01307,C0221,2023-11-28,Completed,Organic
O01308,C0227,2024-12-21,Completed,Organic
O01309,C0432,2023-10-27,Completed,Email
O01310,C0275,2023-10-24,Completed,Organic
O01311,C0187,2024-08-09,Completed,Organic
O01312,C0488,2023-10-01,Returned,Social Media
O01313,C0053,2024-06-10,Completed,Paid Search
O01314,C0209,2024-11-26,Completed,Direct
O01315,C0021,2023-04-08,Cancelled,Social Media
O01316,C0367,2023-05-19,Completed,Organic
O01317,C0459,2024-02-26,Completed,Direct
O01318,C0139,2023-03-02,Completed,Paid Search
O01319,C0430,2023-10-11,Completed,Paid Search
O01320,C0146,2024-11-02,Completed,Paid Search
O01321,C0456,2023-05-10,Completed,Organic
O01322,C0373,2024-12-19,Completed,Paid Search
O01323,C0401,2023-05-16,Completed,Organic
O01324,C0009,2023-09-13,Completed,Paid Search
O01325,C0482,2023-05-30,Completed,Paid Search
O01326,C0360,2024-12-29,Completed,Email
O01327,C0151,2023-11-26,Returned,Email
O01328,C0415,2023-09-11,Completed,Organic
O01329,C0140,2024-11-23,Completed,Paid Search
O01330,C0435,2024-02-07,Completed,Paid Search
O01331,C0055,2024-05-16,Completed,Organic
O01332,C0350,2023-05-26,Completed,Email
O01333,C0270,2024-08-14,Completed,Social Media
O01334,C0045,2024-10-09,Returned,Organic
O01335,C0119,2023-10-03,Returned,Paid Search
O01336,C0007,2024-10-04,Completed,Organic
O01337,C0232,2024-02-29,Completed,Social Media
O01338,C0149,2024-01-20,Completed,Organic
O01339,C0300,2024-04-07,Completed,Direct
O01340,C0148,2023-03-19,Completed,Email
O01341,C0149,2024-10-10,Completed,Paid Search
O01342,C0369,2023-04-06,Completed,Social Media
O01343,C0023,2024-02-17,Completed,Direct
O01344,C0452,2024-06-11,Completed,Social Media
O01345,C0426,2023-10-12,Returned,Organic
O01346,C0334,2024-12-12,Completed,Paid Search
O01347,C0298,2024-01-13,Completed,Email
O01348,C0446,2024-04-10,Completed,Social Media
O01349,C0091,2024-05-14,Completed,Social Media
O01350,C0038,2023-12-02,Completed,Email
O01351,C0118,2024-08-18,Completed,Email
O01352,C0394,2023-01-03,Completed,Direct
O01353,C0017,2023-04-06,Completed,Organic
O01354,C0293,2024-04-14,Completed,Paid Search
O01355,C0498,2024-10-12,Completed,Social Media
O01356,C0428,2024-11-11,Completed,Email
O01357,C0260,2024-12-15,Cancelled,Social Media
O01358,C0030,2024-01-02,Completed,Organic
O01359,C0416,2023-03-06,Completed,Email
O01360,C0300,2024-07-01,Completed,Social Media
O01361,C0056,2024-02-12,Cancelled,Organic
O01362,C0043,2023-08-12,Completed,Paid Search
O01363,C0456,2024-03-15,Completed,Organic
O01364,C0335,2023-08-05,Completed,Paid Search
O01365,C0415,2024-05-21,Completed,Organic
O01366,C0439,2023-10-02,Completed,Paid Search
O01367,C0288,2023-11-27,Completed,Paid Search
O01368,C0258,2023-10-18,Cancelled,Social Media
O01369,C0211,2023-12-12,Completed,Social Media
O01370,C0157,2024-07-14,Completed,Email
O01371,C0213,2024-08-14,Completed,Organic
O01372,C0381,2023-05-14,Completed,Organic
O01373,C0301,2024-08-02,Returned,Email
O01374,C0446,2024-05-11,Completed,Organic
O01375,C0219,2023-12-18,Completed,Direct
O01376,C0304,2024-11-29,Completed,Email
O01377,C0317,2023-02-19,Completed,Paid Search
O01378,C0297,2023-02-17,Completed,Direct
O01379,C0349,2023-04-12,Completed,Organic
O01380,C0117,2024-10-03,Returned,Paid Search
O01381,C0255,2024-04-15,Cancelled,Social Media
O01382,C0049,2023-01-17,Completed,Paid Search
O01383,C0189,2023-05-08,Cancelled,Direct
O01384,C0240,2023-06-11,Completed,Organic
O01385,C0327,2024-03-27,Completed,Paid Search
O01386,C0475,2024-04-12,Completed,Social Media
O01387,C0301,2023-01-01,Completed,Social Media
O01388,C0369,2024-03-14,Completed,Paid Search
O01389,C0252,2023-07-27,Completed,Paid Search
O01390,C0318,2024-12-06,Completed,Email
O01391,C0033,2023-05-16,Completed,Organic
O01392,C0126,2024-10-27,Completed,Email
O01393,C0177,2023-11-06,Completed,Social Media
O01394,C0234,2023-06-12,Completed,Email
O01395,C0022,2023-10-08,Completed,Social Media
O01396,C0067,2023-04-06,Completed,Organic
O01397,C0137,2024-11-01,Completed,Social Media
O01398,C0486,2024-01-05,Returned,Email
O01399,C0165,2023-09-14,Completed,Paid Search
O01400,C0238,2023-03-26,Completed,Direct
O01401,C0097,2024-01-16,Returned,Paid Search
O01402,C0306,2024-11-11,Completed,Organic
O01403,C0139,2024-10-26,Completed,Paid Search
O01404,C0101,2023-06-19,Completed,Direct
O01405,C0258,2023-02-23,Returned,Paid Search
O01406,C0004,2024-02-10,Completed,Email
O01407,C0005,2024-10-02,Completed,Email
O01408,C0107,2023-11-09,Completed,Paid Search
O01409,C0018,2024-12-17,Completed,Organic
O01410,C0050,2023-08-28,Completed,Social Media
O01411,C0168,2024-03-15,Completed,Paid Search
O01412,C0400,2024-11-02,Completed,Email
O01413,C0288,2023-04-04,Cancelled,Paid Search
O01414,C0255,2024-12-21,Completed,Paid Search
O01415,C0146,2023-04-08,Completed,Email
O01416,C0465,2023-01-02,Returned,Paid Search
O01417,C0196,2023-08-07,Completed,Paid Search
O01418,C0041,2024-05-03,Completed,Paid Search
O01419,C0310,2023-03-21,Completed,Paid Search
O01420,C0055,2023-05-16,Returned,Paid Search
O01421,C0171,2024-08-30,Completed,Email
O01422,C0253,2023-08-20,Completed,Paid Search
O01423,C0436,2024-06-15,Cancelled,Paid Search
O01424,C0245,2024-11-27,Completed,Social Media
O01425,C0349,2024-03-31,Returned,Paid Search
O01426,C0496,2023-01-10,Cancelled,Paid Search
O01427,C0063,2023-01-09,Completed,Direct
O01428,C0136,2024-12-13,Completed,Social Media
O01429,C0195,2023-12-18,Completed,Social Media
O01430,C0208,2023-05-04,Completed,Social Media
O01431,C0204,2024-03-08,Completed,Organic
O01432,C0455,2024-12-11,Completed,Social Media
O01433,C0355,2023-05-16,Cancelled,Paid Search
O01434,C0304,2024-05-04,Completed,Paid Search
O01435,C0153,2023-03-14,Completed,Paid Search
O01436,C0411,2023-08-23,Returned,Organic
O01437,C0478,2024-01-28,Cancelled,Organic
O01438,C0410,2023-04-02,Completed,Direct
O01439,C0001,2023-04-15,Cancelled,Paid Search
O01440,C0319,2023-04-16,Completed,Paid Search
O01441,C0024,2023-11-17,Returned,Organic
O01442,C0129,2024-01-12,Completed,Organic
O01443,C0029,2023-11-03,Completed,Social Media
O01444,C0302,2023-05-21,Completed,Paid Search
O01445,C0343,2024-01-27,Completed,Paid Search
O01446,C0055,2023-05-17,Completed,Organic
O01447,C0189,2024-10-18,Completed,Social Media
O01448,C0225,2024-11-24,Completed,Organic
O01449,C0181,2023-05-27,Returned,Organic
O01450,C0058,2023-03-12,Completed,Paid Search
O01451,C0207,2024-06-27,Completed,Paid Search
O01452,C0372,2024-07-30,Completed,Organic
O01453,C0033,2023-01-09,Completed,Social Media
O01454,C0038,2024-09-16,Returned,Social Media
O01455,C0175,2024-10-27,Returned,Email
O01456,C0471,2023-06-18,Completed,Paid Search
O01457,C0334,2024-03-26,Completed,Organic
O01458,C0339,2023-12-26,Completed,Paid Search
O01459,C0177,2023-08-07,Completed,Direct
O01460,C0298,2024-10-05,Returned,Social Media
O01461,C0006,2023-06-05,Completed,Social Media
O01462,C0319,2024-02-26,Completed,Organic
O01463,C0457,2024-09-22,Completed,Paid Search
O01464,C0307,2024-12-04,Completed,Organic
O01465,C0436,2024-03-29,Cancelled,Social Media
O01466,C0358,2023-08-11,Completed,Direct
O01467,C0058,2023-03-30,Completed,Direct
O01468,C0452,2023-04-13,Completed,Paid Search
O01469,C0031,2023-05-24,Completed,Paid Search
O01470,C0267,2023-05-07,Completed,Direct
O01471,C0068,2024-08-26,Completed,Social Media
O01472,C0006,2024-01-29,Completed,Organic
O01473,C0208,2023-12-26,Completed,Paid Search
O01474,C0147,2024-03-15,Completed,Organic
O01475,C0240,2023-11-19,Completed,Paid Search
O01476,C0291,2023-05-24,Completed,Paid Search
O01477,C0022,2023-09-11,Completed,Social Media
O01478,C0059,2023-10-11,Completed,Paid Search
O01479,C0283,2024-10-22,Completed,Organic
O01480,C0170,2023-03-28,Completed,Paid Search
O01481,C0361,2023-09-12,Completed,Email
O01482,C0327,2024-07-20,Completed,Social Media
O01483,C0424,2024-09-07,Completed,Paid Search
O01484,C0345,2024-09-06,Completed,Direct
O01485,C0211,2024-09-14,Completed,Direct
O01486,C0336,2023-10-19,Completed,Organic
O01487,C0136,2024-12-08,Completed,Organic
O01488,C0152,2023-01-28,Completed,Social Media
O01489,C0391,2024-11-05,Returned,Email
O01490,C0221,2023-11-05,Completed,Direct
O01491,C0397,2023-07-30,Completed,Email
O01492,C0411,2024-06-14,Completed,Social Media
O01493,C0429,2024-09-13,Completed,Paid Search
O01494,C0459,2024-06-05,Completed,Organic
O01495,C0212,2023-07-13,Completed,Organic
O01496,C0159,2024-02-06,Returned,Paid Search
O01497,C0292,2023-10-30,Completed,Social Media
O01498,C0182,2024-10-23,Cancelled,Social Media
O01499,C0301,2023-02-25,Completed,Social Media
O01500,C0351,2023-09-03,Completed,Paid Search
O01501,C0343,2024-05-21,Completed,Social Media
O01502,C0184,2024-01-31,Completed,Organic
O01503,C0081,2023-04-26,Completed,Paid Search
O01504,C0211,2023-09-04,Completed,Email
O01505,C0068,2024-05-26,Completed,Social Media
O01506,C0444,2024-10-15,Cancelled,Direct
O01507,C0171,2024-08-31,Returned,Paid Search
O01508,C0074,2023-03-14,Completed,Paid Search
O01509,C0014,2024-06-24,Completed,Paid Search
O01510,C0323,2023-01-13,Completed,Paid Search
O01511,C0319,2024-01-05,Completed,Email
O01512,C0169,2023-11-21,Completed,Social Media
O01513,C0033,2023-05-16,Completed,Email
O01514,C0203,2024-02-01,Completed,Organic
O01515,C0154,2024-08-05,Completed,Email
O01516,C0339,2024-03-06,Cancelled,Organic
O01517,C0303,2024-01-10,Completed,Email
O01518,C0179,2024-07-13,Cancelled,Paid Search
O01519,C0106,2024-11-30,Completed,Paid Search
O01520,C0494,2023-06-26,Completed,Paid Search
O01521,C0224,2024-04-27,Completed,Direct
O01522,C0343,2023-03-16,Completed,Organic
O01523,C0067,2023-01-18,Completed,Paid Search
O01524,C0240,2024-08-24,Completed,Email
O01525,C0015,2023-03-11,Completed,Paid Search
O01526,C0252,2023-01-15,Completed,Organic
O01527,C0482,2023-09-26,Completed,Paid Search
O01528,C0189,2023-08-09,Completed,Paid Search
O01529,C0019,2023-02-10,Completed,Direct
O01530,C0016,2023-03-03,Completed,Email
O01531,C0191,2024-02-12,Completed,Paid Search
O01532,C0078,2024-06-02,Completed,Direct
O01533,C0012,2023-10-21,Cancelled,Paid Search
O01534,C0373,2024-10-05,Completed,Organic
O01535,C0226,2024-12-30,Completed,Paid Search
O01536,C0145,2024-05-28,Completed,Paid Search
O01537,C0451,2024-03-01,Completed,Organic
O01538,C0057,2024-03-09,Completed,Direct
O01539,C0478,2024-12-19,Completed,Email
O01540,C0156,2024-02-16,Completed,Paid Search
O01541,C0443,2023-03-26,Completed,Social Media
O01542,C0302,2024-10-17,Completed,Social Media
O01543,C0414,2024-07-03,Completed,Direct
O01544,C0493,2024-07-04,Completed,Email
O01545,C0144,2024-09-22,Cancelled,Paid Search
O01546,C0481,2023-06-06,Completed,Email
O01547,C0191,2023-10-12,Completed,Social Media
O01548,C0190,2023-03-27,Completed,Social Media
O01549,C0169,2023-11-14,Completed,Organic
O01550,C0271,2023-03-22,Cancelled,Organic
O01551,C0074,2024-06-07,Completed,Paid Search
O01552,C0280,2023-07-28,Returned,Paid Search
O01553,C0271,2023-06-09,Returned,Organic
O01554,C0375,2024-07-03,Completed,Social Media
O01555,C0417,2023-12-01,Completed,Organic
O01556,C0217,2024-02-05,Completed,Social Media
O01557,C0150,2024-08-23,Cancelled,Paid Search
O01558,C0129,2024-10-11,Completed,Direct
O01559,C0096,2024-10-27,Completed,Paid Search
O01560,C0028,2024-11-28,Completed,Organic
O01561,C0169,2024-10-20,Completed,Social Media
O01562,C0133,2023-03-09,Completed,Email
O01563,C0483,2023-11-14,Completed,Direct
O01564,C0283,2024-12-16,Returned,Paid Search
O01565,C0172,2024-03-23,Returned,Paid Search
O01566,C0292,2023-09-02,Returned,Direct
O01567,C0067,2023-03-01,Completed,Organic
O01568,C0219,2023-09-08,Completed,Social Media
O01569,C0313,2023-03-30,Completed,Paid Search
O01570,C0241,2024-03-20,Completed,Organic
O01571,C0200,2023-04-29,Completed,Paid Search
O01572,C0497,2024-04-09,Completed,Paid Search
O01573,C0440,2024-09-18,Completed,Social Media
O01574,C0312,2024-09-15,Cancelled,Direct
O01575,C0287,2023-02-26,Completed,Paid Search
O01576,C0312,2023-11-13,Completed,Email
O01577,C0099,2024-11-13,Completed,Organic
O01578,C0195,2024-11-04,Completed,Paid Search
O01579,C0020,2023-06-29,Completed,Organic
O01580,C0235,2023-05-03,Cancelled,Direct
O01581,C0272,2023-01-13,Returned,Email
O01582,C0111,2024-12-25,Returned,Social Media
O01583,C0482,2023-05-21,Cancelled,Email
O01584,C0456,2024-12-19,Completed,Social Media
O01585,C0357,2023-01-12,Completed,Direct
O01586,C0266,2023-06-17,Completed,Social Media
O01587,C0434,2024-05-23,Completed,Direct
O01588,C0062,2023-12-22,Completed,Paid Search
O01589,C0392,2024-06-19,Completed,Organic
O01590,C0059,2024-06-13,Completed,Paid Search
O01591,C0394,2023-09-23,Completed,Organic
O01592,C0137,2023-06-20,Completed,Social Media
O01593,C0437,2024-01-16,Completed,Paid Search
O01594,C0472,2023-05-10,Completed,Social Media
O01595,C0072,2023-10-03,Completed,Organic
O01596,C0228,2023-05-01,Completed,Organic
O01597,C0491,2023-01-31,Completed,Paid Search
O01598,C0239,2023-12-10,Completed,Direct
O01599,C0431,2024-03-15,Completed,Paid Search
O01600,C0295,2023-10-06,Completed,Paid Search
O01601,C0184,2024-06-20,Completed,Social Media
O01602,C0143,2023-03-07,Completed,Social Media
O01603,C0100,2023-09-27,Completed,Paid Search
O01604,C0375,2024-12-30,Completed,Paid Search
O01605,C0190,2024-08-13,Completed,Organic
O01606,C0255,2024-10-04,Completed,Direct
O01607,C0244,2023-03-20,Completed,Organic
O01608,C0291,2024-05-23,Completed,Paid Search
O01609,C0433,2024-04-11,Completed,Organic
O01610,C0491,2024-06-07,Completed,Organic
O01611,C0202,2024-01-04,Completed,Email
O01612,C0414,2023-02-26,Completed,Organic
O01613,C0377,2024-05-26,Completed,Organic
O01614,C0289,2024-08-03,Completed,Paid Search
O01615,C0478,2023-06-20,Completed,Organic
O01616,C0099,2024-01-12,Completed,Organic
O01617,C0051,2023-06-11,Completed,Email
O01618,C0427,2023-09-19,Completed,Email
O01619,C0216,2023-04-16,Completed,Direct
O01620,C0424,2024-08-10,Completed,Email
O01621,C0447,2024-11-21,Cancelled,Social Media
O01622,C0030,2023-04-29,Completed,Organic
O01623,C0441,2023-08-22,Completed,Email
O01624,C0221,2024-06-05,Completed,Email
O01625,C0255,2023-01-03,Completed,Email
O01626,C0313,2023-02-15,Completed,Paid Search
O01627,C0462,2023-01-13,Completed,Organic
O01628,C0010,2023-09-08,Completed,Email
O01629,C0235,2023-02-17,Returned,Social Media
O01630,C0343,2024-04-28,Completed,Direct
O01631,C0358,2024-01-08,Completed,Organic
O01632,C0345,2024-01-28,Returned,Organic
O01633,C0064,2023-06-03,Completed,Organic
O01634,C0149,2023-07-03,Returned,Email
O01635,C0176,2023-02-06,Completed,Organic
O01636,C0401,2024-07-20,Returned,Organic
O01637,C0139,2024-11-02,Completed,Direct
O01638,C0102,2024-03-05,Completed,Organic
O01639,C0479,2023-08-18,Returned,Email
O01640,C0005,2023-11-26,Completed,Paid Search
O01641,C0498,2023-09-12,Completed,Email
O01642,C0339,2024-03-02,Completed,Social Media
O01643,C0414,2023-11-24,Completed,Direct
O01644,C0147,2023-10-05,Completed,Direct
O01645,C0007,2023-03-21,Completed,Organic
O01646,C0366,2024-08-08,Completed,Organic
O01647,C0417,2024-01-17,Completed,Paid Search
O01648,C0368,2023-05-03,Completed,Social Media
O01649,C0068,2024-05-29,Completed,Email
O01650,C0372,2024-11-20,Completed,Paid Search
O01651,C0379,2023-02-23,Completed,Social Media
O01652,C0330,2023-07-03,Completed,Organic
O01653,C0378,2023-08-17,Completed,Email
O01654,C0424,2024-06-12,Completed,Direct
O01655,C0308,2023-02-17,Completed,Paid Search
O01656,C0041,2024-02-15,Completed,Paid Search
O01657,C0240,2023-03-12,Returned,Organic
O01658,C0037,2024-04-21,Completed,Social Media
O01659,C0202,2023-10-17,Completed,Paid Search
O01660,C0202,2023-11-15,Completed,Organic
O01661,C0031,2023-12-02,Completed,Paid Search
O01662,C0172,2023-03-30,Cancelled,Paid Search
O01663,C0053,2024-07-20,Completed,Paid Search
O01664,C0403,2024-04-12,Completed,Social Media
O01665,C0474,2023-01-09,Returned,Organic
O01666,C0033,2024-01-13,Completed,Email
O01667,C0478,2023-07-25,Completed,Social Media
O01668,C0260,2023-10-26,Completed,Paid Search
O01669,C0149,2024-07-31,Completed,Organic
O01670,C0037,2023-11-08,Cancelled,Email
O01671,C0249,2024-09-29,Cancelled,Direct
O01672,C0394,2023-09-06,Completed,Organic
O01673,C0351,2024-04-20,Completed,Paid Search
O01674,C0024,2024-01-13,Returned,Organic
O01675,C0033,2024-08-28,Completed,Social Media
O01676,C0201,2024-05-20,Completed,Organic
O01677,C0147,2023-07-20,Returned,Paid Search
O01678,C0113,2024-07-13,Completed,Social Media
O01679,C0140,2023-09-09,Completed,Social Media
O01680,C0401,2023-06-04,Completed,Paid Search
O01681,C0464,2023-01-07,Returned,Paid Search
O01682,C0202,2024-02-24,Completed,Social Media
O01683,C0455,2023-01-25,Completed,Organic
O01684,C0160,2023-08-27,Completed,Organic
O01685,C0235,2024-07-08,Completed,Email
O01686,C0110,2023-12-21,Completed,Organic
O01687,C0320,2024-10-13,Completed,Social Media
O01688,C0491,2024-12-11,Completed,Direct
O01689,C0302,2023-01-10,Completed,Paid Search
O01690,C0176,2023-12-10,Cancelled,Paid Search
O01691,C0324,2023-01-02,Completed,Social Media
O01692,C0059,2024-11-04,Cancelled,Email
O01693,C0443,2024-01-21,Completed,Direct
O01694,C0251,2023-11-11,Completed,Social Media
O01695,C0222,2023-04-17,Completed,Organic
O01696,C0294,2023-07-30,Completed,Social Media
O01697,C0313,2024-06-26,Cancelled,Paid Search
O01698,C0033,2023-09-01,Completed,Paid Search
O01699,C0341,2024-03-05,Completed,Organic
O01700,C0119,2024-05-18,Completed,Organic
O01701,C0355,2023-03-03,Completed,Email
O01702,C0411,2023-05-26,Completed,Paid Search
O01703,C0401,2024-12-29,Completed,Paid Search
O01704,C0279,2023-10-14,Completed,Paid Search
O01705,C0259,2023-04-06,Completed,Email
O01706,C0068,2023-02-14,Completed,Social Media
O01707,C0382,2023-08-26,Completed,Paid Search
O01708,C0134,2024-06-16,Completed,Organic
O01709,C0246,2024-02-27,Completed,Paid Search
O01710,C0142,2024-12-18,Completed,Direct
O01711,C0064,2024-01-17,Completed,Social Media
O01712,C0316,2024-04-14,Completed,Paid Search
O01713,C0027,2023-03-28,Completed,Social Media
O01714,C0371,2024-08-17,Returned,Paid Search
O01715,C0157,2023-04-08,Completed,Email
O01716,C0001,2024-06-01,Completed,Paid Search
O01717,C0255,2023-05-17,Returned,Organic
O01718,C0023,2024-10-14,Returned,Organic
O01719,C0137,2024-02-08,Completed,Paid Search
O01720,C0351,2023-03-18,Cancelled,Direct
O01721,C0030,2024-08-29,Completed,Paid Search
O01722,C0419,2024-08-04,Completed,Email
O01723,C0003,2023-03-05,Completed,Email
O01724,C0123,2024-03-21,Completed,Organic
O01725,C0368,2024-11-09,Completed,Organic
O01726,C0157,2023-05-14,Completed,Organic
O01727,C0048,2023-08-31,Completed,Social Media
O01728,C0177,2023-10-26,Returned,Organic
O01729,C0134,2023-09-25,Returned,Paid Search
O01730,C0423,2023-11-19,Completed,Paid Search
O01731,C0155,2024-02-07,Returned,Social Media
O01732,C0391,2024-12-18,Returned,Organic
O01733,C0446,2023-12-01,Completed,Paid Search
O01734,C0213,2023-11-22,Completed,Paid Search
O01735,C0456,2024-04-08,Completed,Paid Search
O01736,C0185,2023-10-06,Cancelled,Email
O01737,C0482,2023-08-28,Completed,Organic
O01738,C0042,2023-03-18,Completed,Email
O01739,C0343,2023-07-27,Completed,Social Media
O01740,C0245,2023-05-20,Completed,Social Media
O01741,C0191,2024-08-21,Completed,Social Media
O01742,C0317,2023-04-22,Completed,Paid Search
O01743,C0350,2023-06-09,Completed,Organic
O01744,C0004,2023-04-19,Returned,Social Media
O01745,C0081,2023-06-18,Returned,Paid Search
O01746,C0354,2024-04-05,Completed,Social Media
O01747,C0334,2024-04-22,Cancelled,Paid Search
O01748,C0483,2023-11-18,Completed,Direct
O01749,C0375,2024-02-21,Completed,Social Media
O01750,C0476,2023-05-04,Completed,Organic
O01751,C0349,2024-07-02,Returned,Paid Search
O01752,C0148,2024-01-02,Cancelled,Email
O01753,C0049,2023-08-01,Completed,Email
O01754,C0387,2024-04-07,Returned,Paid Search
O01755,C0322,2023-11-12,Completed,Email
O01756,C0023,2024-04-19,Completed,Paid Search
O01757,C0177,2023-09-29,Completed,Paid Search
O01758,C0478,2023-05-03,Completed,Email
O01759,C0248,2023-04-03,Completed,Email
O01760,C0212,2023-06-11,Returned,Social Media
O01761,C0225,2024-12-03,Completed,Email
O01762,C0101,2023-11-08,Completed,Organic
O01763,C0181,2024-12-22,Completed,Email
O01764,C0181,2024-12-14,Completed,Paid Search
O01765,C0025,2024-09-09,Returned,Organic
O01766,C0378,2023-02-11,Completed,Organic
O01767,C0206,2023-08-09,Completed,Paid Search
O01768,C0410,2023-12-02,Returned,Paid Search
O01769,C0425,2023-06-01,Completed,Paid Search
O01770,C0103,2023-04-04,Completed,Organic
O01771,C0330,2024-12-29,Completed,Paid Search
O01772,C0234,2023-09-12,Completed,Social Media
O01773,C0440,2023-12-31,Completed,Paid Search
O01774,C0105,2024-02-10,Completed,Paid Search
O01775,C0339,2024-06-09,Returned,Social Media
O01776,C0304,2023-02-20,Returned,Email
O01777,C0147,2024-11-24,Completed,Email
O01778,C0065,2023-11-03,Completed,Paid Search
O01779,C0327,2023-09-24,Returned,Social Media
O01780,C0366,2023-06-28,Completed,Organic
O01781,C0157,2023-02-01,Completed,Organic
O01782,C0323,2024-02-19,Completed,Paid Search
O01783,C0195,2024-04-08,Returned,Email
O01784,C0354,2024-07-23,Completed,Organic
O01785,C0098,2024-07-17,Completed,Organic
O01786,C0444,2023-09-13,Completed,Organic
O01787,C0144,2023-04-07,Returned,Email
O01788,C0180,2024-04-18,Completed,Social Media
O01789,C0028,2023-04-15,Cancelled,Paid Search
O01790,C0053,2023-05-24,Completed,Social Media
O01791,C0257,2023-05-05,Completed,Paid Search
O01792,C0133,2023-01-13,Completed,Social Media
O01793,C0418,2023-03-05,Completed,Organic
O01794,C0007,2023-08-16,Cancelled,Email
O01795,C0186,2023-05-14,Completed,Paid Search
O01796,C0168,2023-07-22,Completed,Social Media
O01797,C0010,2024-02-15,Completed,Organic
O01798,C0059,2024-01-17,Completed,Paid Search
O01799,C0205,2024-12-03,Completed,Paid Search
O01800,C0244,2024-10-07,Completed,Paid Search
O01801,C0201,2024-10-22,Cancelled,Organic
O01802,C0264,2023-03-28,Completed,Email
O01803,C0299,2024-08-19,Completed,Organic
O01804,C0006,2024-08-23,Completed,Social Media
O01805,C0229,2023-09-23,Completed,Email
O01806,C0482,2023-03-18,Completed,Social Media
O01807,C0259,2023-01-23,Returned,Social Media
O01808,C0339,2023-03-08,Completed,Social Media
O01809,C0154,2023-07-22,Completed,Paid Search
O01810,C0381,2024-10-23,Completed,Email
O01811,C0381,2024-03-30,Cancelled,Paid Search
O01812,C0260,2023-05-12,Completed,Social Media
O01813,C0488,2023-04-05,Completed,Social Media
O01814,C0060,2023-12-06,Completed,Paid Search
O01815,C0009,2023-05-06,Completed,Paid Search
O01816,C0380,2023-02-13,Completed,Paid Search
O01817,C0403,2024-04-17,Completed,Email
O01818,C0058,2023-02-21,Completed,Direct
O01819,C0132,2023-06-22,Completed,Paid Search
O01820,C0009,2024-08-10,Returned,Social Media
O01821,C0146,2024-03-19,Completed,Direct
O01822,C0381,2024-02-09,Completed,Organic
O01823,C0258,2024-05-23,Completed,Organic
O01824,C0172,2023-01-31,Completed,Social Media
O01825,C0182,2024-01-27,Completed,Email
O01826,C0001,2024-11-30,Completed,Email
O01827,C0149,2024-03-12,Completed,Paid Search
O01828,C0323,2023-06-26,Completed,Organic
O01829,C0487,2023-12-29,Cancelled,Paid Search
O01830,C0424,2023-08-08,Completed,Organic
O01831,C0013,2023-07-11,Cancelled,Paid Search
O01832,C0450,2023-10-09,Completed,Email
O01833,C0387,2023-10-14,Completed,Organic
O01834,C0385,2024-04-01,Completed,Email
O01835,C0225,2023-06-02,Completed,Paid Search
O01836,C0196,2023-02-05,Completed,Social Media
O01837,C0150,2024-09-20,Completed,Organic
O01838,C0031,2024-09-26,Returned,Paid Search
O01839,C0111,2024-09-23,Returned,Organic
O01840,C0123,2023-09-09,Completed,Direct
O01841,C0239,2024-10-24,Completed,Email
O01842,C0371,2023-10-30,Completed,Paid Search
O01843,C0234,2024-05-25,Completed,Organic
O01844,C0028,2024-02-26,Completed,Direct
O01845,C0479,2024-07-17,Cancelled,Paid Search
O01846,C0471,2024-05-05,Completed,Organic
O01847,C0388,2023-03-04,Completed,Social Media
O01848,C0496,2023-03-31,Completed,Direct
O01849,C0274,2023-10-14,Completed,Organic
O01850,C0482,2024-01-28,Completed,Organic
O01851,C0036,2023-05-21,Completed,Direct
O01852,C0180,2024-03-05,Completed,Organic
O01853,C0110,2023-07-24,Completed,Organic
O01854,C0097,2024-10-20,Completed,Social Media
O01855,C0067,2024-06-22,Cancelled,Email
O01856,C0312,2023-09-13,Completed,Paid Search
O01857,C0386,2024-10-07,Completed,Direct
O01858,C0291,2024-07-10,Completed,Social Media
O01859,C0071,2023-01-20,Completed,Organic
O01860,C0405,2024-01-27,Completed,Direct
O01861,C0318,2024-12-31,Returned,Paid Search
O01862,C0191,2024-01-03,Completed,Paid Search
O01863,C0336,2024-05-06,Completed,Social Media
O01864,C0129,2024-07-11,Completed,Paid Search
O01865,C0171,2024-05-11,Completed,Organic
O01866,C0459,2023-12-19,Returned,Organic
O01867,C0145,2024-08-02,Returned,Paid Search
O01868,C0233,2024-05-29,Completed,Email
O01869,C0444,2023-11-26,Completed,Social Media
O01870,C0352,2024-02-02,Completed,Direct
O01871,C0030,2023-10-04,Cancelled,Paid Search
O01872,C0071,2023-07-04,Completed,Paid Search
O01873,C0005,2023-01-27,Cancelled,Organic
O01874,C0317,2023-11-23,Completed,Organic
O01875,C0221,2024-09-03,Completed,Paid Search
O01876,C0064,2023-08-13,Completed,Email
O01877,C0480,2023-01-31,Cancelled,Direct
O01878,C0263,2023-10-15,Returned,Direct
O01879,C0119,2023-03-01,Completed,Organic
O01880,C0248,2024-04-28,Completed,Email
O01881,C0340,2024-06-26,Completed,Paid Search
O01882,C0037,2024-01-02,Completed,Organic
O01883,C0136,2024-08-21,Completed,Email
O01884,C0403,2023-08-27,Completed,Social Media
O01885,C0226,2023-06-13,Returned,Organic
O01886,C0275,2023-04-13,Completed,Paid Search
O01887,C0213,2023-09-11,Returned,Paid Search
O01888,C0022,2024-11-03,Completed,Social Media
O01889,C0080,2023-09-04,Completed,Paid Search
O01890,C0220,2023-09-30,Completed,Direct
O01891,C0102,2024-06-30,Completed,Organic
O01892,C0024,2023-02-27,Completed,Paid Search
O01893,C0423,2023-08-13,Completed,Paid Search
O01894,C0492,2024-08-12,Completed,Paid Search
O01895,C0393,2024-02-02,Completed,Paid Search
O01896,C0427,2023-12-30,Completed,Social Media
O01897,C0119,2023-06-27,Completed,Email
O01898,C0481,2023-06-30,Returned,Direct
O01899,C0097,2023-08-31,Returned,Email
O01900,C0476,2024-08-29,Completed,Email
O01901,C0497,2023-11-22,Completed,Social Media
O01902,C0354,2024-12-15,Completed,Email
O01903,C0492,2024-01-03,Cancelled,Paid Search
O01904,C0287,2024-08-28,Completed,Paid Search
O01905,C0129,2023-01-29,Completed,Paid Search
O01906,C0214,2024-12-21,Completed,Paid Search
O01907,C0298,2024-12-18,Completed,Paid Search
O01908,C0033,2023-12-27,Completed,Direct
O01909,C0312,2024-08-04,Completed,Paid Search
O01910,C0492,2024-07-31,Completed,Organic
O01911,C0094,2023-05-26,Completed,Paid Search
O01912,C0393,2024-07-30,Completed,Organic
O01913,C0455,2023-07-12,Completed,Organic
O01914,C0472,2024-05-19,Returned,Organic
O01915,C0481,2024-07-09,Completed,Paid Search
O01916,C0260,2023-11-13,Returned,Paid Search
O01917,C0489,2023-06-29,Completed,Email
O01918,C0374,2024-05-17,Completed,Social Media
O01919,C0079,2023-02-08,Cancelled,Paid Search
O01920,C0235,2023-04-03,Completed,Paid Search
O01921,C0356,2023-02-27,Returned,Paid Search
O01922,C0123,2023-08-27,Completed,Email
O01923,C0320,2024-09-08,Returned,Organic
O01924,C0334,2023-08-13,Completed,Organic
O01925,C0079,2023-01-21,Completed,Email
O01926,C0286,2024-06-23,Completed,Paid Search
O01927,C0381,2024-05-04,Cancelled,Organic
O01928,C0247,2023-01-01,Returned,Organic
O01929,C0006,2023-12-06,Returned,Direct
O01930,C0005,2024-09-20,Returned,Email
O01931,C0176,2023-07-26,Completed,Social Media
O01932,C0462,2023-05-14,Completed,Paid Search
O01933,C0111,2023-12-15,Completed,Paid Search
O01934,C0318,2023-07-01,Completed,Direct
O01935,C0109,2023-11-28,Completed,Direct
O01936,C0160,2023-03-02,Completed,Organic
O01937,C0425,2023-01-23,Completed,Email
O01938,C0361,2023-06-01,Completed,Organic
O01939,C0045,2024-08-23,Completed,Organic
O01940,C0211,2024-12-22,Completed,Social Media
O01941,C0015,2023-05-26,Completed,Paid Search
O01942,C0238,2023-04-24,Completed,Direct
O01943,C0333,2024-06-22,Completed,Organic
O01944,C0057,2024-01-09,Completed,Paid Search
O01945,C0144,2023-03-16,Completed,Direct
O01946,C0196,2024-01-18,Completed,Direct
O01947,C0459,2024-12-22,Completed,Organic
O01948,C0497,2024-11-09,Completed,Paid Search
O01949,C0022,2024-02-10,Completed,Social Media
O01950,C0375,2024-08-23,Completed,Organic
O01951,C0182,2023-04-14,Completed,Direct
O01952,C0194,2023-12-11,Cancelled,Direct
O01953,C0373,2023-11-06,Cancelled,Organic
O01954,C0459,2023-11-27,Completed,Organic
O01955,C0476,2023-05-20,Completed,Organic
O01956,C0291,2023-06-11,Completed,Direct
O01957,C0176,2024-03-23,Completed,Organic
O01958,C0389,2024-10-16,Cancelled,Paid Search
O01959,C0124,2024-05-13,Completed,Paid Search
O01960,C0285,2024-10-26,Completed,Social Media
O01961,C0176,2023-11-21,Completed,Organic
O01962,C0329,2023-06-28,Cancelled,Organic
O01963,C0118,2024-12-25,Completed,Direct
O01964,C0094,2024-07-29,Completed,Direct
O01965,C0459,2024-12-11,Completed,Email
O01966,C0048,2024-09-20,Completed,Organic
O01967,C0252,2024-01-01,Completed,Paid Search
O01968,C0108,2023-08-17,Completed,Social Media
O01969,C0019,2024-11-12,Cancelled,Paid Search
O01970,C0018,2024-08-26,Returned,Direct
O01971,C0085,2023-06-29,Returned,Social Media
O01972,C0433,2024-01-23,Completed,Organic
O01973,C0141,2023-11-11,Returned,Direct
O01974,C0475,2024-12-06,Completed,Direct
O01975,C0292,2023-10-29,Completed,Organic
O01976,C0214,2023-05-11,Completed,Paid Search
O01977,C0292,2023-07-01,Completed,Paid Search
O01978,C0258,2023-01-02,Completed,Paid Search
O01979,C0374,2024-12-19,Completed,Organic
O01980,C0141,2024-08-09,Completed,Social Media
O01981,C0174,2024-02-05,Returned,Direct
O01982,C0448,2024-08-04,Completed,Paid Search
O01983,C0473,2023-02-03,Completed,Organic
O01984,C0446,2023-07-06,Completed,Social Media
O01985,C0207,2024-09-08,Completed,Paid Search
O01986,C0385,2023-11-22,Completed,Email
O01987,C0235,2024-09-18,Completed,Paid Search
O01988,C0247,2023-08-15,Completed,Organic
O01989,C0100,2024-10-16,Completed,Organic
O01990,C0296,2024-08-02,Completed,Email
O01991,C0091,2023-04-17,Returned,Paid Search
O01992,C0165,2024-05-23,Completed,Email
O01993,C0428,2023-05-25,Completed,Organic
O01994,C0101,2023-12-06,Returned,Paid Search
O01995,C0033,2023-03-21,Completed,Paid Search
O01996,C0032,2023-09-01,Completed,Direct
O01997,C0471,2023-12-22,Returned,Direct
O01998,C0253,2023-11-24,Completed,Organic
O01999,C0203,2023-06-21,Completed,Paid Search
O02000,C0405,2024-10-13,Completed,Organic
